motif_ID	motif_ALT_ID	motif_P-value	seq_ID	seq_Score	seq_Class	is_holdout?
1-AKTMTASCMCVYSSBS	STREME-1	5.4e-004	AAS81733	22.73	fp	0
1-AKTMTASCMCVYSSBS	STREME-1	5.4e-004	AAS82306	20.80	tp	0
1-AKTMTASCMCVYSSBS	STREME-1	5.4e-004	AAS82201	19.22	fp	0
1-AKTMTASCMCVYSSBS	STREME-1	5.4e-004	AAS80462	18.98	tp	0
1-AKTMTASCMCVYSSBS	STREME-1	5.4e-004	AAS82161	18.87	tp	0
1-AKTMTASCMCVYSSBS	STREME-1	5.4e-004	AAS81373	18.12	tp	0
1-AKTMTASCMCVYSSBS	STREME-1	5.4e-004	AAS81375	18.12	fp	0
1-AKTMTASCMCVYSSBS	STREME-1	5.4e-004	AAS81547	17.75	tp	0
1-AKTMTASCMCVYSSBS	STREME-1	5.4e-004	AAS81153	17.60	tp	0
1-AKTMTASCMCVYSSBS	STREME-1	5.4e-004	AAS80394	17.42	tp	0
1-AKTMTASCMCVYSSBS	STREME-1	5.4e-004	AAS80366	17.20	tp	0
1-AKTMTASCMCVYSSBS	STREME-1	5.4e-004	AAS80746	17.10	tp	0
1-AKTMTASCMCVYSSBS	STREME-1	5.4e-004	AAS82043	17.06	fp	1
1-AKTMTASCMCVYSSBS	STREME-1	5.4e-004	AAS80480	16.85	fp	0
1-AKTMTASCMCVYSSBS	STREME-1	5.4e-004	AAS81829	16.83	tp	1
1-AKTMTASCMCVYSSBS	STREME-1	5.4e-004	AAS82082	16.71	tp	0
1-AKTMTASCMCVYSSBS	STREME-1	5.4e-004	AAS81099	16.34	tp	0
1-AKTMTASCMCVYSSBS	STREME-1	5.4e-004	AAS80398	16.26	tp	0
1-AKTMTASCMCVYSSBS	STREME-1	5.4e-004	AAS81057	16.12	tp	1
1-AKTMTASCMCVYSSBS	STREME-1	5.4e-004	AAS82073	15.97	tp	0
1-AKTMTASCMCVYSSBS	STREME-1	5.4e-004	AAS81567	15.85	tp	0
1-AKTMTASCMCVYSSBS	STREME-1	5.4e-004	AAS80772	15.84	fp	0
1-AKTMTASCMCVYSSBS	STREME-1	5.4e-004	AAS81613	15.69	tp	0
1-AKTMTASCMCVYSSBS	STREME-1	5.4e-004	AAS81615	15.69	fp	0
1-AKTMTASCMCVYSSBS	STREME-1	5.4e-004	AAS81760	15.56	tp	0
1-AKTMTASCMCVYSSBS	STREME-1	5.4e-004	AAS81132	15.30	tp	0
1-AKTMTASCMCVYSSBS	STREME-1	5.4e-004	AAS81081	15.13	tp	0
1-AKTMTASCMCVYSSBS	STREME-1	5.4e-004	AAS81679	15.04	tp	0
1-AKTMTASCMCVYSSBS	STREME-1	5.4e-004	AAS80424	14.99	tp	0
1-AKTMTASCMCVYSSBS	STREME-1	5.4e-004	AAS81178	14.84	tp	0
1-AKTMTASCMCVYSSBS	STREME-1	5.4e-004	AAS81235	14.64	tp	0
1-AKTMTASCMCVYSSBS	STREME-1	5.4e-004	AAS82097	14.63	tp	0
1-AKTMTASCMCVYSSBS	STREME-1	5.4e-004	AAS81180	14.55	tp	0
1-AKTMTASCMCVYSSBS	STREME-1	5.4e-004	AAS81139	14.51	tp	0
1-AKTMTASCMCVYSSBS	STREME-1	5.4e-004	AAS80441	14.45	tp	0
1-AKTMTASCMCVYSSBS	STREME-1	5.4e-004	AAS81128	14.36	tp	0
1-AKTMTASCMCVYSSBS	STREME-1	5.4e-004	AAS81408	14.33	tp	1
1-AKTMTASCMCVYSSBS	STREME-1	5.4e-004	AAS81501	14.30	tp	0
1-AKTMTASCMCVYSSBS	STREME-1	5.4e-004	AAS82076	14.08	fp	1
1-AKTMTASCMCVYSSBS	STREME-1	5.4e-004	AAS82214	14.01	tp	0
1-AKTMTASCMCVYSSBS	STREME-1	5.4e-004	AAS81457	13.88	tp	0
1-AKTMTASCMCVYSSBS	STREME-1	5.4e-004	AAS81854	13.85	tp	0
1-AKTMTASCMCVYSSBS	STREME-1	5.4e-004	AAS80928	13.82	tp	0
1-AKTMTASCMCVYSSBS	STREME-1	5.4e-004	AAS81766	13.80	tp	0
1-AKTMTASCMCVYSSBS	STREME-1	5.4e-004	AAS81490	13.62	tp	0
1-AKTMTASCMCVYSSBS	STREME-1	5.4e-004	AAS82139	13.46	tp	0
1-AKTMTASCMCVYSSBS	STREME-1	5.4e-004	AAS82151	13.40	tp	0
1-AKTMTASCMCVYSSBS	STREME-1	5.4e-004	AAS81736	13.37	tp	1
1-AKTMTASCMCVYSSBS	STREME-1	5.4e-004	AAS80453	13.33	tp	0
1-AKTMTASCMCVYSSBS	STREME-1	5.4e-004	AAS80899	13.29	tp	0
1-AKTMTASCMCVYSSBS	STREME-1	5.4e-004	AAS82083	13.10	tp	0
1-AKTMTASCMCVYSSBS	STREME-1	5.4e-004	AAS82197	13.06	tp	0
1-AKTMTASCMCVYSSBS	STREME-1	5.4e-004	AAS81443	13.03	tp	0
1-AKTMTASCMCVYSSBS	STREME-1	5.4e-004	AAS81205	12.99	tp	0
1-AKTMTASCMCVYSSBS	STREME-1	5.4e-004	AAS81912	12.97	tp	0
1-AKTMTASCMCVYSSBS	STREME-1	5.4e-004	AAS82241	12.92	fp	0
1-AKTMTASCMCVYSSBS	STREME-1	5.4e-004	AAS80610	12.89	tp	0
1-AKTMTASCMCVYSSBS	STREME-1	5.4e-004	AAS81897	12.83	fp	0
1-AKTMTASCMCVYSSBS	STREME-1	5.4e-004	AAS80839	12.66	fp	0
1-AKTMTASCMCVYSSBS	STREME-1	5.4e-004	AAS81494	12.56	tp	0
1-AKTMTASCMCVYSSBS	STREME-1	5.4e-004	AAS81814	12.48	tp	0
1-AKTMTASCMCVYSSBS	STREME-1	5.4e-004	AAS81867	12.48	tp	0
1-AKTMTASCMCVYSSBS	STREME-1	5.4e-004	AAS81445	12.46	fp	0
1-AKTMTASCMCVYSSBS	STREME-1	5.4e-004	AAS80532	12.38	tp	0
1-AKTMTASCMCVYSSBS	STREME-1	5.4e-004	AAS80530	12.38	fp	0
1-AKTMTASCMCVYSSBS	STREME-1	5.4e-004	AAS81351	12.28	fp	1
1-AKTMTASCMCVYSSBS	STREME-1	5.4e-004	AAS81434	12.17	tp	0
1-AKTMTASCMCVYSSBS	STREME-1	5.4e-004	AAS82178	11.99	tp	0
1-AKTMTASCMCVYSSBS	STREME-1	5.4e-004	AAS81993	11.96	tp	0
1-AKTMTASCMCVYSSBS	STREME-1	5.4e-004	AAS81890	11.89	tp	0
1-AKTMTASCMCVYSSBS	STREME-1	5.4e-004	AAS80547	11.81	tp	0
1-AKTMTASCMCVYSSBS	STREME-1	5.4e-004	AAS81017	11.78	tp	0
1-AKTMTASCMCVYSSBS	STREME-1	5.4e-004	AAS81115	11.61	tp	0
1-AKTMTASCMCVYSSBS	STREME-1	5.4e-004	AAS81188	11.53	fp	0
1-AKTMTASCMCVYSSBS	STREME-1	5.4e-004	AAS81759	11.45	tp	0
1-AKTMTASCMCVYSSBS	STREME-1	5.4e-004	AAS81217	11.26	tp	1
1-AKTMTASCMCVYSSBS	STREME-1	5.4e-004	AAS80692	11.21	fp	0
1-AKTMTASCMCVYSSBS	STREME-1	5.4e-004	AAS82218	11.20	fp	0
1-AKTMTASCMCVYSSBS	STREME-1	5.4e-004	AAS81460	11.13	tp	0
1-AKTMTASCMCVYSSBS	STREME-1	5.4e-004	AAS81630	11.12	tp	0
1-AKTMTASCMCVYSSBS	STREME-1	5.4e-004	AAS81968	11.10	tp	0
1-AKTMTASCMCVYSSBS	STREME-1	5.4e-004	AAS81724	11.09	fp	0
1-AKTMTASCMCVYSSBS	STREME-1	5.4e-004	AAS80469	11.08	fp	0
1-AKTMTASCMCVYSSBS	STREME-1	5.4e-004	AAS80749	10.87	fp	0
1-AKTMTASCMCVYSSBS	STREME-1	5.4e-004	AAS82009	10.80	tp	0
1-AKTMTASCMCVYSSBS	STREME-1	5.4e-004	AAS81285	10.79	tp	0
1-AKTMTASCMCVYSSBS	STREME-1	5.4e-004	AAS80571	10.78	tp	0
1-AKTMTASCMCVYSSBS	STREME-1	5.4e-004	AAS80743	10.74	tp	0
1-AKTMTASCMCVYSSBS	STREME-1	5.4e-004	AAS81614	10.63	tp	0
1-AKTMTASCMCVYSSBS	STREME-1	5.4e-004	AAS82327	10.50	tp	0
1-AKTMTASCMCVYSSBS	STREME-1	5.4e-004	AAS81902	10.41	fp	0
1-AKTMTASCMCVYSSBS	STREME-1	5.4e-004	AAS81688	10.40	fp	0
1-AKTMTASCMCVYSSBS	STREME-1	5.4e-004	AAS82075	10.35	fp	0
1-AKTMTASCMCVYSSBS	STREME-1	5.4e-004	AAS81892	10.34	fp	0
1-AKTMTASCMCVYSSBS	STREME-1	5.4e-004	AAS81108	10.32	tp	0
1-AKTMTASCMCVYSSBS	STREME-1	5.4e-004	AAS81577	10.29	tp	0
1-AKTMTASCMCVYSSBS	STREME-1	5.4e-004	AAS82153	10.29	tp	0
1-AKTMTASCMCVYSSBS	STREME-1	5.4e-004	AAS80595	10.26	fp	0
1-AKTMTASCMCVYSSBS	STREME-1	5.4e-004	AAS80975	10.13	fp	0
1-AKTMTASCMCVYSSBS	STREME-1	5.4e-004	AAS80466	10.11	tp	0
1-AKTMTASCMCVYSSBS	STREME-1	5.4e-004	AAS81259	10.01	tp	1
1-AKTMTASCMCVYSSBS	STREME-1	5.4e-004	AAS82008	9.91	tp	0
1-AKTMTASCMCVYSSBS	STREME-1	5.4e-004	AAS81444	9.89	fp	0
1-AKTMTASCMCVYSSBS	STREME-1	5.4e-004	AAS81595	9.76	tp	0
1-AKTMTASCMCVYSSBS	STREME-1	5.4e-004	AAS82000	9.70	tp	0
1-AKTMTASCMCVYSSBS	STREME-1	5.4e-004	AAS81257	9.61	tp	0
1-AKTMTASCMCVYSSBS	STREME-1	5.4e-004	AAS82287	9.54	tp	0
1-AKTMTASCMCVYSSBS	STREME-1	5.4e-004	AAS81011	9.54	fp	1
1-AKTMTASCMCVYSSBS	STREME-1	5.4e-004	AAS82222	9.52	tp	0
1-AKTMTASCMCVYSSBS	STREME-1	5.4e-004	AAS81727	9.52	tp	0
1-AKTMTASCMCVYSSBS	STREME-1	5.4e-004	AAS81308	9.44	tp	0
1-AKTMTASCMCVYSSBS	STREME-1	5.4e-004	AAS82167	9.36	fp	0
1-AKTMTASCMCVYSSBS	STREME-1	5.4e-004	AAS81531	9.32	tp	0
1-AKTMTASCMCVYSSBS	STREME-1	5.4e-004	AAS81203	9.13	fp	0
1-AKTMTASCMCVYSSBS	STREME-1	5.4e-004	AAS81979	8.88	tp	1
1-AKTMTASCMCVYSSBS	STREME-1	5.4e-004	AAS81707	8.88	tp	0
1-AKTMTASCMCVYSSBS	STREME-1	5.4e-004	AAS81335	8.78	tp	0
1-AKTMTASCMCVYSSBS	STREME-1	5.4e-004	AAS81191	8.75	fp	0
1-AKTMTASCMCVYSSBS	STREME-1	5.4e-004	AAS81326	8.72	tp	0
1-AKTMTASCMCVYSSBS	STREME-1	5.4e-004	AAS80524	8.61	tp	0
1-AKTMTASCMCVYSSBS	STREME-1	5.4e-004	AAS82293	8.60	fp	0
1-AKTMTASCMCVYSSBS	STREME-1	5.4e-004	AAS81666	8.59	tp	0
1-AKTMTASCMCVYSSBS	STREME-1	5.4e-004	AAS81588	8.55	tp	0
#
2-GCTCCT	STREME-2	1.4e-002	AAS81665	9.95	tp	0
2-GCTCCT	STREME-2	1.4e-002	AAS82161	9.95	tp	0
2-GCTCCT	STREME-2	1.4e-002	AAS81121	9.95	fp	0
2-GCTCCT	STREME-2	1.4e-002	AAS82308	9.95	fp	0
2-GCTCCT	STREME-2	1.4e-002	AAS81471	9.95	fp	0
2-GCTCCT	STREME-2	1.4e-002	AAS81317	9.95	fp	0
2-GCTCCT	STREME-2	1.4e-002	AAS81215	9.95	fp	0
2-GCTCCT	STREME-2	1.4e-002	AAS81862	9.95	fp	0
2-GCTCCT	STREME-2	1.4e-002	AAS82166	9.66	tp	0
2-GCTCCT	STREME-2	1.4e-002	AAS80865	9.66	fp	0
2-GCTCCT	STREME-2	1.4e-002	AAS80784	9.66	fp	0
2-GCTCCT	STREME-2	1.4e-002	AAS80771	9.66	fp	0
2-GCTCCT	STREME-2	1.4e-002	AAS81475	9.66	fp	0
2-GCTCCT	STREME-2	1.4e-002	AAS81217	9.55	tp	1
2-GCTCCT	STREME-2	1.4e-002	AAS81642	9.27	tp	0
2-GCTCCT	STREME-2	1.4e-002	AAS80441	9.27	tp	0
2-GCTCCT	STREME-2	1.4e-002	AAS80873	9.27	fp	0
2-GCTCCT	STREME-2	1.4e-002	AAS81052	9.27	fp	0
2-GCTCCT	STREME-2	1.4e-002	AAS80803	9.27	fp	0
2-GCTCCT	STREME-2	1.4e-002	AAS80569	9.27	fp	0
2-GCTCCT	STREME-2	1.4e-002	AAS82101	9.27	fp	1
2-GCTCCT	STREME-2	1.4e-002	AAS81209	8.98	fp	0
2-GCTCCT	STREME-2	1.4e-002	AAS81622	8.98	fp	0
2-GCTCCT	STREME-2	1.4e-002	AAS80721	8.98	fp	0
2-GCTCCT	STREME-2	1.4e-002	AAS82273	8.98	fp	0
2-GCTCCT	STREME-2	1.4e-002	AAS81974	8.98	fp	0
2-GCTCCT	STREME-2	1.4e-002	AAS81771	8.98	fp	0
2-GCTCCT	STREME-2	1.4e-002	AAS82278	8.98	fp	0
2-GCTCCT	STREME-2	1.4e-002	AAS81545	8.98	fp	1
2-GCTCCT	STREME-2	1.4e-002	AAS81933	8.70	fp	0
2-GCTCCT	STREME-2	1.4e-002	AAS82094	7.96	tp	0
2-GCTCCT	STREME-2	1.4e-002	AAS81335	7.96	tp	0
2-GCTCCT	STREME-2	1.4e-002	AAS81132	7.96	tp	0
2-GCTCCT	STREME-2	1.4e-002	AAS81567	7.96	tp	0
2-GCTCCT	STREME-2	1.4e-002	AAS81993	7.96	tp	0
2-GCTCCT	STREME-2	1.4e-002	AAS82139	7.96	tp	0
2-GCTCCT	STREME-2	1.4e-002	AAS80367	7.96	tp	0
2-GCTCCT	STREME-2	1.4e-002	AAS81176	7.96	tp	0
2-GCTCCT	STREME-2	1.4e-002	AAS82085	7.96	tp	0
2-GCTCCT	STREME-2	1.4e-002	AAS81662	7.96	tp	0
2-GCTCCT	STREME-2	1.4e-002	AAS81678	7.96	tp	0
2-GCTCCT	STREME-2	1.4e-002	AAS80533	7.96	tp	0
2-GCTCCT	STREME-2	1.4e-002	AAS82210	7.96	tp	0
2-GCTCCT	STREME-2	1.4e-002	AAS81765	7.96	tp	0
2-GCTCCT	STREME-2	1.4e-002	AAS80356	7.96	fp	0
2-GCTCCT	STREME-2	1.4e-002	AAS81269	7.96	fp	0
2-GCTCCT	STREME-2	1.4e-002	AAS80974	7.96	fp	0
2-GCTCCT	STREME-2	1.4e-002	AAS80575	7.96	fp	0
2-GCTCCT	STREME-2	1.4e-002	AAS80600	7.96	fp	0
2-GCTCCT	STREME-2	1.4e-002	AAS80656	7.96	fp	0
2-GCTCCT	STREME-2	1.4e-002	AAS82177	7.96	fp	0
2-GCTCCT	STREME-2	1.4e-002	AAS81791	7.96	fp	0
2-GCTCCT	STREME-2	1.4e-002	AAS81511	7.96	fp	0
2-GCTCCT	STREME-2	1.4e-002	AAS81230	7.96	fp	0
2-GCTCCT	STREME-2	1.4e-002	AAS81337	7.96	fp	0
2-GCTCCT	STREME-2	1.4e-002	AAS81822	7.96	fp	0
2-GCTCCT	STREME-2	1.4e-002	AAS80580	7.96	fp	0
2-GCTCCT	STREME-2	1.4e-002	AAS80653	7.96	fp	0
2-GCTCCT	STREME-2	1.4e-002	AAS81790	7.96	fp	0
2-GCTCCT	STREME-2	1.4e-002	AAS80552	7.96	fp	0
2-GCTCCT	STREME-2	1.4e-002	AAS82162	7.96	fp	0
2-GCTCCT	STREME-2	1.4e-002	AAS80418	7.96	fp	0
2-GCTCCT	STREME-2	1.4e-002	AAS81859	7.96	fp	0
2-GCTCCT	STREME-2	1.4e-002	AAS82174	7.96	fp	0
2-GCTCCT	STREME-2	1.4e-002	AAS80906	7.96	fp	0
2-GCTCCT	STREME-2	1.4e-002	AAS81206	7.96	fp	0
2-GCTCCT	STREME-2	1.4e-002	AAS80383	7.96	fp	0
2-GCTCCT	STREME-2	1.4e-002	AAS82126	7.96	fp	0
2-GCTCCT	STREME-2	1.4e-002	AAS80827	7.96	fp	0
2-GCTCCT	STREME-2	1.4e-002	AAS81086	7.96	fp	0
2-GCTCCT	STREME-2	1.4e-002	AAS82061	7.96	fp	0
2-GCTCCT	STREME-2	1.4e-002	AAS80404	7.96	fp	0
2-GCTCCT	STREME-2	1.4e-002	AAS81366	7.96	fp	0
2-GCTCCT	STREME-2	1.4e-002	AAS81188	7.96	fp	0
2-GCTCCT	STREME-2	1.4e-002	AAS80469	7.96	fp	0
2-GCTCCT	STREME-2	1.4e-002	AAS80490	7.96	fp	0
2-GCTCCT	STREME-2	1.4e-002	AAS81676	7.96	fp	0
2-GCTCCT	STREME-2	1.4e-002	AAS81774	7.96	fp	0
2-GCTCCT	STREME-2	1.4e-002	AAS80934	7.96	fp	0
2-GCTCCT	STREME-2	1.4e-002	AAS81560	7.96	fp	0
2-GCTCCT	STREME-2	1.4e-002	AAS82296	7.96	fp	0
2-GCTCCT	STREME-2	1.4e-002	AAS80793	7.96	fp	0
2-GCTCCT	STREME-2	1.4e-002	AAS82053	7.96	fp	0
2-GCTCCT	STREME-2	1.4e-002	AAS82071	7.96	fp	0
2-GCTCCT	STREME-2	1.4e-002	AAS81754	7.96	fp	0
2-GCTCCT	STREME-2	1.4e-002	AAS81404	7.96	fp	0
2-GCTCCT	STREME-2	1.4e-002	AAS80421	7.96	fp	0
2-GCTCCT	STREME-2	1.4e-002	AAS80794	7.96	fp	0
2-GCTCCT	STREME-2	1.4e-002	AAS80645	7.96	fp	0
2-GCTCCT	STREME-2	1.4e-002	AAS81599	7.96	fp	0
2-GCTCCT	STREME-2	1.4e-002	AAS82100	7.96	fp	0
2-GCTCCT	STREME-2	1.4e-002	AAS80951	7.96	fp	0
2-GCTCCT	STREME-2	1.4e-002	AAS82298	7.96	fp	0
2-GCTCCT	STREME-2	1.4e-002	AAS81871	7.96	fp	0
2-GCTCCT	STREME-2	1.4e-002	AAS81016	7.96	fp	0
2-GCTCCT	STREME-2	1.4e-002	AAS80917	7.96	fp	0
2-GCTCCT	STREME-2	1.4e-002	AAS80749	7.96	fp	0
2-GCTCCT	STREME-2	1.4e-002	AAS82241	7.96	fp	0
2-GCTCCT	STREME-2	1.4e-002	AAS80561	7.96	fp	0
2-GCTCCT	STREME-2	1.4e-002	AAS81124	7.96	fp	0
2-GCTCCT	STREME-2	1.4e-002	AAS81817	7.96	fp	0
2-GCTCCT	STREME-2	1.4e-002	AAS82065	7.96	fp	0
2-GCTCCT	STREME-2	1.4e-002	AAS81232	7.96	fp	0
2-GCTCCT	STREME-2	1.4e-002	AAS81524	7.96	fp	0
2-GCTCCT	STREME-2	1.4e-002	AAS80458	7.96	fp	0
2-GCTCCT	STREME-2	1.4e-002	AAS80879	7.96	fp	0
2-GCTCCT	STREME-2	1.4e-002	AAS80905	7.96	fp	0
2-GCTCCT	STREME-2	1.4e-002	AAS81339	7.96	fp	0
2-GCTCCT	STREME-2	1.4e-002	AAS81929	7.96	fp	0
2-GCTCCT	STREME-2	1.4e-002	AAS81003	7.96	fp	0
2-GCTCCT	STREME-2	1.4e-002	AAS80590	7.96	fp	0
2-GCTCCT	STREME-2	1.4e-002	AAS81095	7.96	fp	0
2-GCTCCT	STREME-2	1.4e-002	AAS80843	7.96	fp	0
2-GCTCCT	STREME-2	1.4e-002	AAS82010	7.96	fp	0
2-GCTCCT	STREME-2	1.4e-002	AAS82171	7.96	fp	0
2-GCTCCT	STREME-2	1.4e-002	AAS80352	7.96	fp	0
2-GCTCCT	STREME-2	1.4e-002	AAS80683	7.96	fp	0
2-GCTCCT	STREME-2	1.4e-002	AAS82054	7.96	fp	0
2-GCTCCT	STREME-2	1.4e-002	AAS82309	7.96	fp	0
2-GCTCCT	STREME-2	1.4e-002	AAS80677	7.96	fp	0
2-GCTCCT	STREME-2	1.4e-002	AAS80990	7.96	fp	0
2-GCTCCT	STREME-2	1.4e-002	AAS82317	7.96	fp	0
2-GCTCCT	STREME-2	1.4e-002	AAS82205	7.96	fp	0
2-GCTCCT	STREME-2	1.4e-002	AAS81405	7.96	fp	0
2-GCTCCT	STREME-2	1.4e-002	AAS82104	7.96	fp	0
2-GCTCCT	STREME-2	1.4e-002	AAS81228	7.96	fp	0
2-GCTCCT	STREME-2	1.4e-002	AAS81131	7.96	fp	0
2-GCTCCT	STREME-2	1.4e-002	AAS80871	7.96	fp	0
2-GCTCCT	STREME-2	1.4e-002	AAS82024	7.96	fp	0
2-GCTCCT	STREME-2	1.4e-002	AAS81146	7.96	fp	0
2-GCTCCT	STREME-2	1.4e-002	AAS80419	7.96	fp	0
2-GCTCCT	STREME-2	1.4e-002	AAS81689	7.96	fp	0
2-GCTCCT	STREME-2	1.4e-002	AAS80382	7.96	fp	0
2-GCTCCT	STREME-2	1.4e-002	AAS82279	7.96	fp	0
2-GCTCCT	STREME-2	1.4e-002	AAS81346	7.96	fp	0
2-GCTCCT	STREME-2	1.4e-002	AAS81291	7.96	fp	0
2-GCTCCT	STREME-2	1.4e-002	AAS80904	7.96	fp	0
2-GCTCCT	STREME-2	1.4e-002	AAS81989	7.96	fp	0
2-GCTCCT	STREME-2	1.4e-002	AAS81838	7.96	fp	0
2-GCTCCT	STREME-2	1.4e-002	AAS80407	7.96	fp	0
2-GCTCCT	STREME-2	1.4e-002	AAS82086	7.96	fp	0
2-GCTCCT	STREME-2	1.4e-002	AAS82299	7.96	fp	0
2-GCTCCT	STREME-2	1.4e-002	AAS81406	7.96	fp	0
2-GCTCCT	STREME-2	1.4e-002	AAS82195	7.96	fp	0
2-GCTCCT	STREME-2	1.4e-002	AAS80414	7.96	fp	0
2-GCTCCT	STREME-2	1.4e-002	AAS81903	7.96	fp	0
2-GCTCCT	STREME-2	1.4e-002	AAS80595	7.96	fp	0
2-GCTCCT	STREME-2	1.4e-002	AAS81079	7.96	fp	0
2-GCTCCT	STREME-2	1.4e-002	AAS80530	7.96	fp	0
2-GCTCCT	STREME-2	1.4e-002	AAS81714	7.96	tp	1
2-GCTCCT	STREME-2	1.4e-002	AAS81303	7.96	fp	1
2-GCTCCT	STREME-2	1.4e-002	AAS81904	7.96	fp	1
2-GCTCCT	STREME-2	1.4e-002	AAS81935	7.96	fp	1
2-GCTCCT	STREME-2	1.4e-002	AAS81780	7.96	fp	1
2-GCTCCT	STREME-2	1.4e-002	AAS82283	7.96	fp	1
2-GCTCCT	STREME-2	1.4e-002	AAS81011	7.96	fp	1
2-GCTCCT	STREME-2	1.4e-002	AAS81868	7.96	fp	1
2-GCTCCT	STREME-2	1.4e-002	AAS81923	7.96	fp	1
2-GCTCCT	STREME-2	1.4e-002	AAS82007	7.96	fp	1
2-GCTCCT	STREME-2	1.4e-002	AAS81189	7.96	fp	1
2-GCTCCT	STREME-2	1.4e-002	AAS80437	7.96	fp	1
2-GCTCCT	STREME-2	1.4e-002	AAS80728	7.96	fp	1
2-GCTCCT	STREME-2	1.4e-002	AAS81036	7.96	fp	1
2-GCTCCT	STREME-2	1.4e-002	AAS80509	7.91	tp	0
2-GCTCCT	STREME-2	1.4e-002	AAS81161	7.91	fp	0
2-GCTCCT	STREME-2	1.4e-002	AAS80479	7.91	fp	0
2-GCTCCT	STREME-2	1.4e-002	AAS81342	7.91	fp	0
2-GCTCCT	STREME-2	1.4e-002	AAS80984	7.91	fp	0
2-GCTCCT	STREME-2	1.4e-002	AAS81517	7.91	fp	0
2-GCTCCT	STREME-2	1.4e-002	AAS81128	7.75	tp	0
2-GCTCCT	STREME-2	1.4e-002	AAS81111	7.75	fp	0
2-GCTCCT	STREME-2	1.4e-002	AAS81194	7.75	fp	0
2-GCTCCT	STREME-2	1.4e-002	AAS80861	7.75	fp	0
2-GCTCCT	STREME-2	1.4e-002	AAS80862	7.75	fp	0
2-GCTCCT	STREME-2	1.4e-002	AAS80384	7.75	fp	0
2-GCTCCT	STREME-2	1.4e-002	AAS80361	7.75	fp	0
2-GCTCCT	STREME-2	1.4e-002	AAS81449	7.75	fp	1
2-GCTCCT	STREME-2	1.4e-002	AAS81643	7.67	tp	0
2-GCTCCT	STREME-2	1.4e-002	AAS81737	7.67	tp	0
2-GCTCCT	STREME-2	1.4e-002	AAS80696	7.67	tp	0
2-GCTCCT	STREME-2	1.4e-002	AAS81116	7.67	tp	0
2-GCTCCT	STREME-2	1.4e-002	AAS80889	7.67	tp	0
2-GCTCCT	STREME-2	1.4e-002	AAS81968	7.67	tp	0
2-GCTCCT	STREME-2	1.4e-002	AAS82046	7.67	tp	0
2-GCTCCT	STREME-2	1.4e-002	AAS80779	7.67	fp	0
2-GCTCCT	STREME-2	1.4e-002	AAS80938	7.67	fp	0
2-GCTCCT	STREME-2	1.4e-002	AAS81197	7.67	fp	0
2-GCTCCT	STREME-2	1.4e-002	AAS81292	7.67	fp	0
2-GCTCCT	STREME-2	1.4e-002	AAS81962	7.67	fp	0
2-GCTCCT	STREME-2	1.4e-002	AAS81574	7.67	fp	0
2-GCTCCT	STREME-2	1.4e-002	AAS80761	7.67	fp	0
2-GCTCCT	STREME-2	1.4e-002	AAS81639	7.67	fp	0
2-GCTCCT	STREME-2	1.4e-002	AAS81080	7.67	fp	0
2-GCTCCT	STREME-2	1.4e-002	AAS80350	7.67	fp	0
2-GCTCCT	STREME-2	1.4e-002	AAS80866	7.67	fp	0
2-GCTCCT	STREME-2	1.4e-002	AAS81300	7.67	fp	0
2-GCTCCT	STREME-2	1.4e-002	AAS81250	7.67	tp	1
2-GCTCCT	STREME-2	1.4e-002	AAS81789	7.67	fp	1
2-GCTCCT	STREME-2	1.4e-002	AAS81911	7.64	tp	0
2-GCTCCT	STREME-2	1.4e-002	AAS82213	7.64	fp	0
2-GCTCCT	STREME-2	1.4e-002	AAS80978	7.64	fp	0
2-GCTCCT	STREME-2	1.4e-002	AAS81202	7.46	tp	0
2-GCTCCT	STREME-2	1.4e-002	AAS82218	7.27	fp	0
2-GCTCCT	STREME-2	1.4e-002	AAS81351	7.27	fp	1
2-GCTCCT	STREME-2	1.4e-002	AAS82047	7.23	tp	0
2-GCTCCT	STREME-2	1.4e-002	AAS82233	7.23	fp	0
2-GCTCCT	STREME-2	1.4e-002	AAS82052	7.23	fp	0
2-GCTCCT	STREME-2	1.4e-002	AAS81138	7.23	fp	0
2-GCTCCT	STREME-2	1.4e-002	AAS81709	7.23	fp	0
2-GCTCCT	STREME-2	1.4e-002	AAS82147	7.23	fp	0
2-GCTCCT	STREME-2	1.4e-002	AAS80885	7.23	fp	0
2-GCTCCT	STREME-2	1.4e-002	AAS81775	6.98	fp	0
2-GCTCCT	STREME-2	1.4e-002	AAS81356	6.98	tp	0
2-GCTCCT	STREME-2	1.4e-002	AAS82151	6.75	tp	0
2-GCTCCT	STREME-2	1.4e-002	AAS81169	6.75	fp	0
2-GCTCCT	STREME-2	1.4e-002	AAS82138	6.75	fp	0
2-GCTCCT	STREME-2	1.4e-002	AAS82227	6.64	tp	0
2-GCTCCT	STREME-2	1.4e-002	AAS81249	6.64	tp	0
2-GCTCCT	STREME-2	1.4e-002	AAS81466	6.64	tp	0
2-GCTCCT	STREME-2	1.4e-002	AAS82029	6.64	tp	0
2-GCTCCT	STREME-2	1.4e-002	AAS81674	6.64	tp	0
2-GCTCCT	STREME-2	1.4e-002	AAS81056	6.64	tp	0
2-GCTCCT	STREME-2	1.4e-002	AAS81462	6.64	tp	0
2-GCTCCT	STREME-2	1.4e-002	AAS82008	6.64	tp	0
2-GCTCCT	STREME-2	1.4e-002	AAS81647	6.64	tp	0
2-GCTCCT	STREME-2	1.4e-002	AAS80474	6.64	tp	0
2-GCTCCT	STREME-2	1.4e-002	AAS81442	6.64	tp	0
2-GCTCCT	STREME-2	1.4e-002	AAS81910	6.64	tp	0
2-GCTCCT	STREME-2	1.4e-002	AAS81130	6.64	fp	0
2-GCTCCT	STREME-2	1.4e-002	AAS81730	6.64	fp	0
2-GCTCCT	STREME-2	1.4e-002	AAS81540	6.64	fp	0
2-GCTCCT	STREME-2	1.4e-002	AAS80503	6.64	fp	0
2-GCTCCT	STREME-2	1.4e-002	AAS81129	6.64	fp	0
2-GCTCCT	STREME-2	1.4e-002	AAS81507	6.64	fp	0
2-GCTCCT	STREME-2	1.4e-002	AAS81375	6.64	fp	0
2-GCTCCT	STREME-2	1.4e-002	AAS81302	6.64	fp	0
2-GCTCCT	STREME-2	1.4e-002	AAS82027	6.64	fp	0
2-GCTCCT	STREME-2	1.4e-002	AAS82219	6.64	fp	0
2-GCTCCT	STREME-2	1.4e-002	AAS81098	6.64	fp	0
2-GCTCCT	STREME-2	1.4e-002	AAS80963	6.64	fp	0
2-GCTCCT	STREME-2	1.4e-002	AAS81446	6.64	fp	0
2-GCTCCT	STREME-2	1.4e-002	AAS80601	6.64	fp	0
2-GCTCCT	STREME-2	1.4e-002	AAS81932	6.64	fp	0
2-GCTCCT	STREME-2	1.4e-002	AAS81330	6.64	fp	0
2-GCTCCT	STREME-2	1.4e-002	AAS81287	6.64	fp	0
2-GCTCCT	STREME-2	1.4e-002	AAS81825	6.64	fp	0
2-GCTCCT	STREME-2	1.4e-002	AAS81399	6.64	fp	0
2-GCTCCT	STREME-2	1.4e-002	AAS80560	6.64	fp	0
2-GCTCCT	STREME-2	1.4e-002	AAS82191	6.64	fp	0
2-GCTCCT	STREME-2	1.4e-002	AAS81919	6.64	fp	0
2-GCTCCT	STREME-2	1.4e-002	AAS81864	6.64	fp	0
2-GCTCCT	STREME-2	1.4e-002	AAS81448	6.64	fp	0
2-GCTCCT	STREME-2	1.4e-002	AAS81229	6.64	fp	0
2-GCTCCT	STREME-2	1.4e-002	AAS81367	6.64	fp	0
2-GCTCCT	STREME-2	1.4e-002	AAS81089	6.64	fp	0
2-GCTCCT	STREME-2	1.4e-002	AAS80747	6.64	fp	0
2-GCTCCT	STREME-2	1.4e-002	AAS81724	6.64	fp	0
2-GCTCCT	STREME-2	1.4e-002	AAS81155	6.64	fp	0
2-GCTCCT	STREME-2	1.4e-002	AAS81734	6.64	fp	0
2-GCTCCT	STREME-2	1.4e-002	AAS80448	6.64	fp	0
2-GCTCCT	STREME-2	1.4e-002	AAS81444	6.64	fp	0
2-GCTCCT	STREME-2	1.4e-002	AAS81165	6.64	fp	0
2-GCTCCT	STREME-2	1.4e-002	AAS82058	6.64	fp	0
2-GCTCCT	STREME-2	1.4e-002	AAS80759	6.64	fp	0
2-GCTCCT	STREME-2	1.4e-002	AAS81512	6.64	fp	0
2-GCTCCT	STREME-2	1.4e-002	AAS80988	6.64	fp	0
2-GCTCCT	STREME-2	1.4e-002	AAS80654	6.64	fp	0
2-GCTCCT	STREME-2	1.4e-002	AAS81341	6.64	fp	0
2-GCTCCT	STREME-2	1.4e-002	AAS80411	6.64	fp	0
2-GCTCCT	STREME-2	1.4e-002	AAS81409	6.64	fp	0
2-GCTCCT	STREME-2	1.4e-002	AAS80687	6.64	fp	0
2-GCTCCT	STREME-2	1.4e-002	AAS80615	6.64	fp	1
2-GCTCCT	STREME-2	1.4e-002	AAS82168	6.64	fp	1
2-GCTCCT	STREME-2	1.4e-002	AAS81505	6.64	fp	1
2-GCTCCT	STREME-2	1.4e-002	AAS80551	6.64	fp	1
2-GCTCCT	STREME-2	1.4e-002	AAS80453	6.47	tp	0
2-GCTCCT	STREME-2	1.4e-002	AAS82267	6.47	tp	0
2-GCTCCT	STREME-2	1.4e-002	AAS82135	6.47	fp	0
2-GCTCCT	STREME-2	1.4e-002	AAS81583	6.47	fp	0
2-GCTCCT	STREME-2	1.4e-002	AAS82189	6.47	fp	0
2-GCTCCT	STREME-2	1.4e-002	AAS81092	6.47	fp	0
2-GCTCCT	STREME-2	1.4e-002	AAS80660	6.47	fp	0
2-GCTCCT	STREME-2	1.4e-002	AAS80896	6.47	fp	0
2-GCTCCT	STREME-2	1.4e-002	AAS80785	6.47	fp	0
2-GCTCCT	STREME-2	1.4e-002	AAS81408	6.47	tp	1
2-GCTCCT	STREME-2	1.4e-002	AAS81561	6.34	fp	0
2-GCTCCT	STREME-2	1.4e-002	AAS81487	6.34	fp	0
2-GCTCCT	STREME-2	1.4e-002	AAS82142	6.34	fp	0
2-GCTCCT	STREME-2	1.4e-002	AAS82225	6.34	fp	0
2-GCTCCT	STREME-2	1.4e-002	AAS81688	6.34	fp	0
2-GCTCCT	STREME-2	1.4e-002	AAS80692	6.34	fp	0
2-GCTCCT	STREME-2	1.4e-002	AAS82028	6.34	fp	0
2-GCTCCT	STREME-2	1.4e-002	AAS81548	6.18	tp	0
2-GCTCCT	STREME-2	1.4e-002	AAS80923	6.18	fp	0
2-GCTCCT	STREME-2	1.4e-002	AAS80603	6.18	fp	0
2-GCTCCT	STREME-2	1.4e-002	AAS81949	6.13	fp	0
2-GCTCCT	STREME-2	1.4e-002	AAS80424	5.99	tp	0
2-GCTCCT	STREME-2	1.4e-002	AAS81582	5.99	tp	0
2-GCTCCT	STREME-2	1.4e-002	AAS81813	5.99	fp	0
2-GCTCCT	STREME-2	1.4e-002	AAS80371	5.99	fp	0
2-GCTCCT	STREME-2	1.4e-002	AAS80751	5.99	fp	0
2-GCTCCT	STREME-2	1.4e-002	AAS81916	5.99	fp	0
2-GCTCCT	STREME-2	1.4e-002	AAS82190	5.99	fp	0
2-GCTCCT	STREME-2	1.4e-002	AAS80426	5.99	fp	0
2-GCTCCT	STREME-2	1.4e-002	AAS81740	5.99	fp	0
2-GCTCCT	STREME-2	1.4e-002	AAS81087	5.99	fp	0
2-GCTCCT	STREME-2	1.4e-002	AAS80663	5.99	fp	0
2-GCTCCT	STREME-2	1.4e-002	AAS80992	5.99	fp	0
2-GCTCCT	STREME-2	1.4e-002	AAS80983	5.99	fp	0
2-GCTCCT	STREME-2	1.4e-002	AAS81875	5.99	fp	0
2-GCTCCT	STREME-2	1.4e-002	AAS82203	5.99	fp	0
2-GCTCCT	STREME-2	1.4e-002	AAS81604	5.99	tp	1
2-GCTCCT	STREME-2	1.4e-002	AAS82330	5.99	fp	1
2-GCTCCT	STREME-2	1.4e-002	AAS81759	5.97	tp	0
2-GCTCCT	STREME-2	1.4e-002	AAS82072	5.97	fp	0
2-GCTCCT	STREME-2	1.4e-002	AAS81088	5.97	fp	0
2-GCTCCT	STREME-2	1.4e-002	AAS81615	5.97	fp	0
2-GCTCCT	STREME-2	1.4e-002	AAS81597	5.97	fp	0
2-GCTCCT	STREME-2	1.4e-002	AAS82314	5.97	fp	0
2-GCTCCT	STREME-2	1.4e-002	AAS82204	5.97	fp	0
2-GCTCCT	STREME-2	1.4e-002	AAS81237	5.97	fp	0
2-GCTCCT	STREME-2	1.4e-002	AAS81501	5.92	tp	0
2-GCTCCT	STREME-2	1.4e-002	AAS82306	5.92	tp	0
2-GCTCCT	STREME-2	1.4e-002	AAS80494	5.92	tp	0
2-GCTCCT	STREME-2	1.4e-002	AAS81255	5.92	tp	0
2-GCTCCT	STREME-2	1.4e-002	AAS81641	5.92	tp	0
2-GCTCCT	STREME-2	1.4e-002	AAS80398	5.92	tp	0
2-GCTCCT	STREME-2	1.4e-002	AAS81254	5.92	tp	0
2-GCTCCT	STREME-2	1.4e-002	AAS81800	5.92	tp	0
2-GCTCCT	STREME-2	1.4e-002	AAS81281	5.92	fp	0
2-GCTCCT	STREME-2	1.4e-002	AAS82170	5.92	fp	0
2-GCTCCT	STREME-2	1.4e-002	AAS80606	5.92	fp	0
2-GCTCCT	STREME-2	1.4e-002	AAS80926	5.92	fp	0
2-GCTCCT	STREME-2	1.4e-002	AAS80833	5.92	fp	0
2-GCTCCT	STREME-2	1.4e-002	AAS82033	5.92	fp	0
2-GCTCCT	STREME-2	1.4e-002	AAS82183	5.92	fp	0
2-GCTCCT	STREME-2	1.4e-002	AAS80850	5.92	fp	0
2-GCTCCT	STREME-2	1.4e-002	AAS81584	5.92	fp	0
2-GCTCCT	STREME-2	1.4e-002	AAS81986	5.92	fp	0
2-GCTCCT	STREME-2	1.4e-002	AAS80834	5.92	fp	0
2-GCTCCT	STREME-2	1.4e-002	AAS81710	5.92	fp	0
2-GCTCCT	STREME-2	1.4e-002	AAS82313	5.92	fp	0
2-GCTCCT	STREME-2	1.4e-002	AAS81012	5.92	fp	0
2-GCTCCT	STREME-2	1.4e-002	AAS80772	5.92	fp	0
2-GCTCCT	STREME-2	1.4e-002	AAS80514	5.92	fp	0
2-GCTCCT	STREME-2	1.4e-002	AAS80979	5.92	fp	0
2-GCTCCT	STREME-2	1.4e-002	AAS80970	5.92	fp	0
2-GCTCCT	STREME-2	1.4e-002	AAS81816	5.92	fp	0
2-GCTCCT	STREME-2	1.4e-002	AAS80940	5.92	fp	0
2-GCTCCT	STREME-2	1.4e-002	AAS82318	5.92	fp	1
2-GCTCCT	STREME-2	1.4e-002	AAS80349	5.92	fp	1
2-GCTCCT	STREME-2	1.4e-002	AAS80899	5.92	tp	0
2-GCTCCT	STREME-2	1.4e-002	AAS80620	5.92	tp	0
2-GCTCCT	STREME-2	1.4e-002	AAS81017	5.92	tp	0
2-GCTCCT	STREME-2	1.4e-002	AAS81874	5.92	tp	0
2-GCTCCT	STREME-2	1.4e-002	AAS80835	5.92	fp	0
2-GCTCCT	STREME-2	1.4e-002	AAS80969	5.92	fp	0
2-GCTCCT	STREME-2	1.4e-002	AAS80947	5.92	fp	0
2-GCTCCT	STREME-2	1.4e-002	AAS81203	5.92	fp	0
2-GCTCCT	STREME-2	1.4e-002	AAS82128	5.92	fp	0
2-GCTCCT	STREME-2	1.4e-002	AAS80686	5.92	fp	0
2-GCTCCT	STREME-2	1.4e-002	AAS81521	5.92	fp	0
2-GCTCCT	STREME-2	1.4e-002	AAS81491	5.92	fp	0
2-GCTCCT	STREME-2	1.4e-002	AAS81581	5.92	tp	1
2-GCTCCT	STREME-2	1.4e-002	AAS81593	5.92	fp	1
2-GCTCCT	STREME-2	1.4e-002	AAS82076	5.92	fp	1
2-GCTCCT	STREME-2	1.4e-002	AAS80998	5.71	tp	0
2-GCTCCT	STREME-2	1.4e-002	AAS80918	5.71	fp	0
2-GCTCCT	STREME-2	1.4e-002	AAS81333	5.70	tp	0
2-GCTCCT	STREME-2	1.4e-002	AAS80541	5.70	fp	0
2-GCTCCT	STREME-2	1.4e-002	AAS80668	5.70	fp	0
2-GCTCCT	STREME-2	1.4e-002	AAS80621	5.70	fp	0
2-GCTCCT	STREME-2	1.4e-002	AAS80838	5.68	fp	0
2-GCTCCT	STREME-2	1.4e-002	AAS81308	5.66	tp	0
2-GCTCCT	STREME-2	1.4e-002	AAS81198	5.66	fp	0
2-GCTCCT	STREME-2	1.4e-002	AAS80651	5.66	fp	0
2-GCTCCT	STREME-2	1.4e-002	AAS80857	5.60	tp	1
2-GCTCCT	STREME-2	1.4e-002	AAS81660	5.56	tp	0
2-GCTCCT	STREME-2	1.4e-002	AAS82160	5.56	tp	0
2-GCTCCT	STREME-2	1.4e-002	AAS82083	5.56	tp	0
2-GCTCCT	STREME-2	1.4e-002	AAS80928	5.56	tp	0
2-GCTCCT	STREME-2	1.4e-002	AAS82081	5.56	tp	0
2-GCTCCT	STREME-2	1.4e-002	AAS81668	5.56	tp	0
2-GCTCCT	STREME-2	1.4e-002	AAS81588	5.56	tp	0
2-GCTCCT	STREME-2	1.4e-002	AAS81538	5.56	tp	0
2-GCTCCT	STREME-2	1.4e-002	AAS82118	5.56	tp	0
2-GCTCCT	STREME-2	1.4e-002	AAS81060	5.56	tp	0
2-GCTCCT	STREME-2	1.4e-002	AAS81494	5.56	tp	0
2-GCTCCT	STREME-2	1.4e-002	AAS82092	5.56	fp	0
2-GCTCCT	STREME-2	1.4e-002	AAS82295	5.56	fp	0
2-GCTCCT	STREME-2	1.4e-002	AAS80662	5.56	fp	0
2-GCTCCT	STREME-2	1.4e-002	AAS80691	5.56	fp	0
2-GCTCCT	STREME-2	1.4e-002	AAS81425	5.56	fp	0
2-GCTCCT	STREME-2	1.4e-002	AAS82293	5.56	fp	0
2-GCTCCT	STREME-2	1.4e-002	AAS80729	5.56	fp	0
2-GCTCCT	STREME-2	1.4e-002	AAS80975	5.56	fp	0
2-GCTCCT	STREME-2	1.4e-002	AAS80578	5.56	fp	0
2-GCTCCT	STREME-2	1.4e-002	AAS81472	5.56	fp	0
2-GCTCCT	STREME-2	1.4e-002	AAS82235	5.56	fp	0
2-GCTCCT	STREME-2	1.4e-002	AAS80973	5.56	fp	0
2-GCTCCT	STREME-2	1.4e-002	AAS81331	5.56	fp	0
2-GCTCCT	STREME-2	1.4e-002	AAS80996	5.56	fp	0
2-GCTCCT	STREME-2	1.4e-002	AAS80804	5.56	fp	0
2-GCTCCT	STREME-2	1.4e-002	AAS81163	5.56	fp	0
2-GCTCCT	STREME-2	1.4e-002	AAS80608	5.56	fp	0
2-GCTCCT	STREME-2	1.4e-002	AAS82016	5.56	fp	0
2-GCTCCT	STREME-2	1.4e-002	AAS82129	5.56	fp	0
2-GCTCCT	STREME-2	1.4e-002	AAS80412	5.56	fp	0
2-GCTCCT	STREME-2	1.4e-002	AAS82130	5.56	fp	0
2-GCTCCT	STREME-2	1.4e-002	AAS82143	5.56	fp	0
2-GCTCCT	STREME-2	1.4e-002	AAS80562	5.56	fp	0
2-GCTCCT	STREME-2	1.4e-002	AAS82211	5.56	tp	1
2-GCTCCT	STREME-2	1.4e-002	AAS81133	5.56	tp	1
2-GCTCCT	STREME-2	1.4e-002	AAS82127	5.56	fp	1
2-GCTCCT	STREME-2	1.4e-002	AAS80927	5.56	fp	1
2-GCTCCT	STREME-2	1.4e-002	AAS80828	5.56	fp	1
2-GCTCCT	STREME-2	1.4e-002	AAS81760	5.37	tp	0
2-GCTCCT	STREME-2	1.4e-002	AAS80619	5.37	fp	0
2-GCTCCT	STREME-2	1.4e-002	AAS80994	5.37	fp	0
2-GCTCCT	STREME-2	1.4e-002	AAS82078	5.31	tp	0
2-GCTCCT	STREME-2	1.4e-002	AAS80734	5.31	fp	0
2-GCTCCT	STREME-2	1.4e-002	AAS81113	5.27	tp	0
2-GCTCCT	STREME-2	1.4e-002	AAS81324	5.27	fp	0
2-GCTCCT	STREME-2	1.4e-002	AAS81440	5.27	fp	0
2-GCTCCT	STREME-2	1.4e-002	AAS81398	5.27	fp	0
2-GCTCCT	STREME-2	1.4e-002	AAS80638	5.27	fp	0
2-GCTCCT	STREME-2	1.4e-002	AAS80496	5.27	fp	0
2-GCTCCT	STREME-2	1.4e-002	AAS80648	5.12	fp	0
2-GCTCCT	STREME-2	1.4e-002	AAS81328	5.12	fp	0
2-GCTCCT	STREME-2	1.4e-002	AAS81145	5.12	fp	1
2-GCTCCT	STREME-2	1.4e-002	AAS81577	5.01	tp	0
2-GCTCCT	STREME-2	1.4e-002	AAS81767	5.01	tp	0
2-GCTCCT	STREME-2	1.4e-002	AAS81136	5.01	tp	0
2-GCTCCT	STREME-2	1.4e-002	AAS81099	5.01	tp	0
2-GCTCCT	STREME-2	1.4e-002	AAS82031	5.01	tp	0
2-GCTCCT	STREME-2	1.4e-002	AAS81595	5.01	tp	0
2-GCTCCT	STREME-2	1.4e-002	AAS81021	5.01	tp	0
2-GCTCCT	STREME-2	1.4e-002	AAS81921	5.01	tp	0
2-GCTCCT	STREME-2	1.4e-002	AAS81657	5.01	tp	0
2-GCTCCT	STREME-2	1.4e-002	AAS81659	5.01	tp	0
2-GCTCCT	STREME-2	1.4e-002	AAS80856	5.01	tp	0
2-GCTCCT	STREME-2	1.4e-002	AAS81652	5.01	tp	0
2-GCTCCT	STREME-2	1.4e-002	AAS81543	5.01	fp	0
2-GCTCCT	STREME-2	1.4e-002	AAS82067	5.01	fp	0
2-GCTCCT	STREME-2	1.4e-002	AAS80576	5.01	fp	0
2-GCTCCT	STREME-2	1.4e-002	AAS80870	5.01	fp	0
2-GCTCCT	STREME-2	1.4e-002	AAS81369	5.01	fp	0
2-GCTCCT	STREME-2	1.4e-002	AAS81364	5.01	fp	0
2-GCTCCT	STREME-2	1.4e-002	AAS81368	5.01	fp	0
2-GCTCCT	STREME-2	1.4e-002	AAS82123	5.01	fp	0
2-GCTCCT	STREME-2	1.4e-002	AAS80727	5.01	fp	0
2-GCTCCT	STREME-2	1.4e-002	AAS80523	5.01	fp	0
2-GCTCCT	STREME-2	1.4e-002	AAS82186	5.01	fp	0
2-GCTCCT	STREME-2	1.4e-002	AAS81553	5.01	fp	0
2-GCTCCT	STREME-2	1.4e-002	AAS80985	5.01	fp	0
2-GCTCCT	STREME-2	1.4e-002	AAS80563	5.01	fp	0
2-GCTCCT	STREME-2	1.4e-002	AAS81768	5.01	fp	0
2-GCTCCT	STREME-2	1.4e-002	AAS80513	5.01	fp	0
2-GCTCCT	STREME-2	1.4e-002	AAS80726	5.01	fp	0
2-GCTCCT	STREME-2	1.4e-002	AAS80372	5.01	fp	0
2-GCTCCT	STREME-2	1.4e-002	AAS80755	5.01	fp	0
2-GCTCCT	STREME-2	1.4e-002	AAS81386	5.01	fp	0
2-GCTCCT	STREME-2	1.4e-002	AAS81836	5.01	fp	0
2-GCTCCT	STREME-2	1.4e-002	AAS81233	5.01	fp	0
2-GCTCCT	STREME-2	1.4e-002	AAS80844	5.01	fp	0
2-GCTCCT	STREME-2	1.4e-002	AAS81323	5.01	fp	0
2-GCTCCT	STREME-2	1.4e-002	AAS81441	5.01	fp	0
2-GCTCCT	STREME-2	1.4e-002	AAS81510	5.01	fp	0
2-GCTCCT	STREME-2	1.4e-002	AAS80406	5.01	fp	0
2-GCTCCT	STREME-2	1.4e-002	AAS81877	5.01	fp	0
2-GCTCCT	STREME-2	1.4e-002	AAS80944	5.01	fp	0
2-GCTCCT	STREME-2	1.4e-002	AAS81849	5.01	fp	0
2-GCTCCT	STREME-2	1.4e-002	AAS81829	5.01	tp	1
2-GCTCCT	STREME-2	1.4e-002	AAS81736	5.01	tp	1
2-GCTCCT	STREME-2	1.4e-002	AAS81865	5.01	fp	1
2-GCTCCT	STREME-2	1.4e-002	AAS81807	5.01	fp	1
2-GCTCCT	STREME-2	1.4e-002	AAS82114	5.01	fp	1
2-GCTCCT	STREME-2	1.4e-002	AAS81135	5.01	fp	1
2-GCTCCT	STREME-2	1.4e-002	AAS81108	4.97	tp	0
2-GCTCCT	STREME-2	1.4e-002	AAS81205	4.97	tp	0
2-GCTCCT	STREME-2	1.4e-002	AAS81614	4.97	tp	0
2-GCTCCT	STREME-2	1.4e-002	AAS82121	4.97	tp	0
2-GCTCCT	STREME-2	1.4e-002	AAS81707	4.97	tp	0
2-GCTCCT	STREME-2	1.4e-002	AAS81167	4.97	tp	0
2-GCTCCT	STREME-2	1.4e-002	AAS82077	4.97	tp	0
2-GCTCCT	STREME-2	1.4e-002	AAS81222	4.97	tp	0
2-GCTCCT	STREME-2	1.4e-002	AAS82074	4.97	tp	0
2-GCTCCT	STREME-2	1.4e-002	AAS81461	4.97	tp	0
2-GCTCCT	STREME-2	1.4e-002	AAS82133	4.97	fp	0
2-GCTCCT	STREME-2	1.4e-002	AAS81503	4.97	fp	0
2-GCTCCT	STREME-2	1.4e-002	AAS81047	4.97	fp	0
2-GCTCCT	STREME-2	1.4e-002	AAS82198	4.97	fp	0
2-GCTCCT	STREME-2	1.4e-002	AAS81998	4.97	fp	0
2-GCTCCT	STREME-2	1.4e-002	AAS82215	4.97	fp	0
2-GCTCCT	STREME-2	1.4e-002	AAS81389	4.97	fp	0
2-GCTCCT	STREME-2	1.4e-002	AAS81005	4.97	fp	0
2-GCTCCT	STREME-2	1.4e-002	AAS82329	4.97	fp	0
2-GCTCCT	STREME-2	1.4e-002	AAS81746	4.97	fp	0
2-GCTCCT	STREME-2	1.4e-002	AAS81185	4.97	fp	0
2-GCTCCT	STREME-2	1.4e-002	AAS81349	4.97	fp	0
2-GCTCCT	STREME-2	1.4e-002	AAS81084	4.97	fp	0
2-GCTCCT	STREME-2	1.4e-002	AAS81401	4.97	fp	0
2-GCTCCT	STREME-2	1.4e-002	AAS80689	4.97	fp	0
2-GCTCCT	STREME-2	1.4e-002	AAS81522	4.97	fp	1
2-GCTCCT	STREME-2	1.4e-002	AAS80831	4.97	fp	1
2-GCTCCT	STREME-2	1.4e-002	AAS80357	4.88	fp	0
2-GCTCCT	STREME-2	1.4e-002	AAS81263	4.88	fp	0
2-GCTCCT	STREME-2	1.4e-002	AAS81259	4.88	tp	1
2-GCTCCT	STREME-2	1.4e-002	AAS81625	4.87	fp	0
2-GCTCCT	STREME-2	1.4e-002	AAS82223	4.87	fp	0
2-GCTCCT	STREME-2	1.4e-002	AAS80743	4.75	tp	0
2-GCTCCT	STREME-2	1.4e-002	AAS81180	4.75	tp	0
2-GCTCCT	STREME-2	1.4e-002	AAS81315	4.75	fp	0
2-GCTCCT	STREME-2	1.4e-002	AAS81630	4.72	tp	0
2-GCTCCT	STREME-2	1.4e-002	AAS80571	4.72	tp	0
2-GCTCCT	STREME-2	1.4e-002	AAS82173	4.72	fp	0
2-GCTCCT	STREME-2	1.4e-002	AAS80924	4.72	fp	1
2-GCTCCT	STREME-2	1.4e-002	AAS81605	4.66	fp	0
2-GCTCCT	STREME-2	1.4e-002	AAS81979	4.66	tp	1
2-GCTCCT	STREME-2	1.4e-002	AAS80366	4.60	tp	0
2-GCTCCT	STREME-2	1.4e-002	AAS81661	4.60	tp	0
2-GCTCCT	STREME-2	1.4e-002	AAS81854	4.60	tp	0
2-GCTCCT	STREME-2	1.4e-002	AAS81115	4.60	tp	0
2-GCTCCT	STREME-2	1.4e-002	AAS80872	4.60	fp	0
2-GCTCCT	STREME-2	1.4e-002	AAS80684	4.60	fp	0
2-GCTCCT	STREME-2	1.4e-002	AAS81097	4.60	fp	0
2-GCTCCT	STREME-2	1.4e-002	AAS80997	4.60	fp	0
2-GCTCCT	STREME-2	1.4e-002	AAS82087	4.60	fp	0
2-GCTCCT	STREME-2	1.4e-002	AAS80377	4.60	fp	0
2-GCTCCT	STREME-2	1.4e-002	AAS81761	4.60	fp	0
2-GCTCCT	STREME-2	1.4e-002	AAS80948	4.60	fp	0
2-GCTCCT	STREME-2	1.4e-002	AAS81550	4.60	tp	1
2-GCTCCT	STREME-2	1.4e-002	AAS81174	4.60	fp	1
2-GCTCCT	STREME-2	1.4e-002	AAS82284	4.56	fp	0
2-GCTCCT	STREME-2	1.4e-002	AAS81812	4.56	fp	1
2-GCTCCT	STREME-2	1.4e-002	AAS82320	4.48	fp	0
2-GCTCCT	STREME-2	1.4e-002	AAS80557	4.44	fp	0
2-GCTCCT	STREME-2	1.4e-002	AAS81897	4.44	fp	0
2-GCTCCT	STREME-2	1.4e-002	AAS80776	4.44	fp	1
2-GCTCCT	STREME-2	1.4e-002	AAS81867	4.43	tp	0
2-GCTCCT	STREME-2	1.4e-002	AAS80370	4.43	tp	0
2-GCTCCT	STREME-2	1.4e-002	AAS81181	4.43	fp	0
2-GCTCCT	STREME-2	1.4e-002	AAS81523	4.22	fp	0
2-GCTCCT	STREME-2	1.4e-002	AAS81967	4.22	fp	0
2-GCTCCT	STREME-2	1.4e-002	AAS82181	4.22	fp	0
2-GCTCCT	STREME-2	1.4e-002	AAS81766	4.12	tp	0
2-GCTCCT	STREME-2	1.4e-002	AAS81891	4.12	tp	0
2-GCTCCT	STREME-2	1.4e-002	AAS81889	4.12	fp	0
2-GCTCCT	STREME-2	1.4e-002	AAS82201	4.12	fp	0
2-GCTCCT	STREME-2	1.4e-002	AAS82182	4.12	fp	0
2-GCTCCT	STREME-2	1.4e-002	AAS81156	4.12	fp	0
2-GCTCCT	STREME-2	1.4e-002	AAS80709	4.09	tp	0
2-GCTCCT	STREME-2	1.4e-002	AAS81458	4.09	tp	0
2-GCTCCT	STREME-2	1.4e-002	AAS80813	4.09	fp	0
2-GCTCCT	STREME-2	1.4e-002	AAS81438	4.09	fp	0
2-GCTCCT	STREME-2	1.4e-002	AAS80995	4.09	fp	0
2-GCTCCT	STREME-2	1.4e-002	AAS80874	4.09	fp	0
2-GCTCCT	STREME-2	1.4e-002	AAS82310	4.09	fp	0
2-GCTCCT	STREME-2	1.4e-002	AAS81353	4.09	fp	0
2-GCTCCT	STREME-2	1.4e-002	AAS80846	4.09	tp	1
2-GCTCCT	STREME-2	1.4e-002	AAS80993	3.98	fp	0
2-GCTCCT	STREME-2	1.4e-002	AAS81531	3.96	tp	0
2-GCTCCT	STREME-2	1.4e-002	AAS82097	3.96	tp	0
2-GCTCCT	STREME-2	1.4e-002	AAS80741	3.96	fp	0
2-GCTCCT	STREME-2	1.4e-002	AAS80354	3.96	fp	1
2-GCTCCT	STREME-2	1.4e-002	AAS80526	3.96	fp	0
2-GCTCCT	STREME-2	1.4e-002	AAS80362	3.96	fp	0
2-GCTCCT	STREME-2	1.4e-002	AAS82153	3.95	tp	0
2-GCTCCT	STREME-2	1.4e-002	AAS82093	3.95	fp	0
2-GCTCCT	STREME-2	1.4e-002	AAS80536	3.95	fp	1
2-GCTCCT	STREME-2	1.4e-002	AAS80524	3.95	tp	0
2-GCTCCT	STREME-2	1.4e-002	AAS81727	3.95	tp	0
2-GCTCCT	STREME-2	1.4e-002	AAS81547	3.95	tp	0
2-GCTCCT	STREME-2	1.4e-002	AAS81420	3.95	tp	0
2-GCTCCT	STREME-2	1.4e-002	AAS81443	3.95	tp	0
2-GCTCCT	STREME-2	1.4e-002	AAS80462	3.95	tp	0
2-GCTCCT	STREME-2	1.4e-002	AAS80532	3.95	tp	0
2-GCTCCT	STREME-2	1.4e-002	AAS81178	3.95	tp	0
2-GCTCCT	STREME-2	1.4e-002	AAS81890	3.95	tp	0
2-GCTCCT	STREME-2	1.4e-002	AAS81235	3.95	tp	0
2-GCTCCT	STREME-2	1.4e-002	AAS82119	3.95	tp	0
2-GCTCCT	STREME-2	1.4e-002	AAS82275	3.95	fp	0
2-GCTCCT	STREME-2	1.4e-002	AAS81190	3.95	fp	0
2-GCTCCT	STREME-2	1.4e-002	AAS81926	3.95	fp	0
2-GCTCCT	STREME-2	1.4e-002	AAS81268	3.95	fp	0
2-GCTCCT	STREME-2	1.4e-002	AAS80478	3.95	fp	0
2-GCTCCT	STREME-2	1.4e-002	AAS80616	3.95	fp	0
2-GCTCCT	STREME-2	1.4e-002	AAS81589	3.95	fp	0
2-GCTCCT	STREME-2	1.4e-002	AAS82202	3.95	fp	0
2-GCTCCT	STREME-2	1.4e-002	AAS80717	3.95	fp	0
2-GCTCCT	STREME-2	1.4e-002	AAS80760	3.95	fp	0
2-GCTCCT	STREME-2	1.4e-002	AAS80708	3.95	fp	0
2-GCTCCT	STREME-2	1.4e-002	AAS81211	3.95	fp	0
2-GCTCCT	STREME-2	1.4e-002	AAS80410	3.95	fp	0
2-GCTCCT	STREME-2	1.4e-002	AAS81246	3.95	fp	0
2-GCTCCT	STREME-2	1.4e-002	AAS80650	3.95	fp	0
2-GCTCCT	STREME-2	1.4e-002	AAS81445	3.95	fp	0
2-GCTCCT	STREME-2	1.4e-002	AAS80644	3.95	fp	0
2-GCTCCT	STREME-2	1.4e-002	AAS80455	3.95	fp	0
2-GCTCCT	STREME-2	1.4e-002	AAS81272	3.95	fp	0
2-GCTCCT	STREME-2	1.4e-002	AAS81090	3.95	fp	0
2-GCTCCT	STREME-2	1.4e-002	AAS81629	3.95	fp	0
2-GCTCCT	STREME-2	1.4e-002	AAS82305	3.95	fp	0
2-GCTCCT	STREME-2	1.4e-002	AAS82025	3.95	fp	0
2-GCTCCT	STREME-2	1.4e-002	AAS81504	3.95	fp	0
2-GCTCCT	STREME-2	1.4e-002	AAS81050	3.95	fp	0
2-GCTCCT	STREME-2	1.4e-002	AAS81785	3.95	fp	0
2-GCTCCT	STREME-2	1.4e-002	AAS81717	3.95	tp	1
2-GCTCCT	STREME-2	1.4e-002	AAS81143	3.95	fp	1
2-GCTCCT	STREME-2	1.4e-002	AAS81160	3.94	fp	0
2-GCTCCT	STREME-2	1.4e-002	AAS82136	3.94	fp	0
2-GCTCCT	STREME-2	1.4e-002	AAS81861	3.94	fp	0
2-GCTCCT	STREME-2	1.4e-002	AAS80487	3.94	fp	0
2-GCTCCT	STREME-2	1.4e-002	AAS80394	3.93	tp	0
2-GCTCCT	STREME-2	1.4e-002	AAS81747	3.93	fp	0
2-GCTCCT	STREME-2	1.4e-002	AAS81227	3.93	fp	0
2-GCTCCT	STREME-2	1.4e-002	AAS80375	3.93	fp	0
2-GCTCCT	STREME-2	1.4e-002	AAS82263	3.93	fp	1
2-GCTCCT	STREME-2	1.4e-002	AAS81909	3.86	tp	1
2-GCTCCT	STREME-2	1.4e-002	AAS81463	3.80	tp	0
2-GCTCCT	STREME-2	1.4e-002	AAS81257	3.80	tp	0
2-GCTCCT	STREME-2	1.4e-002	AAS81119	3.80	tp	0
2-GCTCCT	STREME-2	1.4e-002	AAS81666	3.80	tp	0
2-GCTCCT	STREME-2	1.4e-002	AAS81918	3.80	fp	0
2-GCTCCT	STREME-2	1.4e-002	AAS80826	3.80	fp	0
2-GCTCCT	STREME-2	1.4e-002	AAS82169	3.80	fp	0
2-GCTCCT	STREME-2	1.4e-002	AAS81513	3.80	fp	0
2-GCTCCT	STREME-2	1.4e-002	AAS81191	3.80	fp	0
2-GCTCCT	STREME-2	1.4e-002	AAS81171	3.80	fp	0
2-GCTCCT	STREME-2	1.4e-002	AAS80381	3.80	fp	0
2-GCTCCT	STREME-2	1.4e-002	AAS80681	3.80	fp	1
2-GCTCCT	STREME-2	1.4e-002	AAS82082	3.79	tp	0
2-GCTCCT	STREME-2	1.4e-002	AAS81876	3.79	fp	0
2-GCTCCT	STREME-2	1.4e-002	AAS80543	3.79	fp	0
2-GCTCCT	STREME-2	1.4e-002	AAS82214	3.66	tp	0
2-GCTCCT	STREME-2	1.4e-002	AAS82055	3.66	tp	0
2-GCTCCT	STREME-2	1.4e-002	AAS81252	3.66	tp	0
2-GCTCCT	STREME-2	1.4e-002	AAS81046	3.66	fp	0
2-GCTCCT	STREME-2	1.4e-002	AAS80685	3.66	fp	0
2-GCTCCT	STREME-2	1.4e-002	AAS80989	3.66	fp	0
2-GCTCCT	STREME-2	1.4e-002	AAS81879	3.66	fp	0
2-GCTCCT	STREME-2	1.4e-002	AAS80936	3.65	fp	0
2-GCTCCT	STREME-2	1.4e-002	AAS80547	3.63	tp	0
2-GCTCCT	STREME-2	1.4e-002	AAS82073	3.63	tp	0
2-GCTCCT	STREME-2	1.4e-002	AAS81708	3.63	fp	0
2-GCTCCT	STREME-2	1.4e-002	AAS80379	3.63	fp	0
2-GCTCCT	STREME-2	1.4e-002	AAS81938	3.63	fp	0
2-GCTCCT	STREME-2	1.4e-002	AAS82105	3.63	fp	0
2-GCTCCT	STREME-2	1.4e-002	AAS81363	3.63	fp	0
2-GCTCCT	STREME-2	1.4e-002	AAS80921	3.63	fp	0
2-GCTCCT	STREME-2	1.4e-002	AAS80401	3.63	fp	0
2-GCTCCT	STREME-2	1.4e-002	AAS80405	3.63	fp	0
2-GCTCCT	STREME-2	1.4e-002	AAS80467	3.63	tp	1
2-GCTCCT	STREME-2	1.4e-002	AAS81447	3.63	fp	1
2-GCTCCT	STREME-2	1.4e-002	AAS80376	3.62	fp	0
2-GCTCCT	STREME-2	1.4e-002	AAS80815	3.62	fp	0
2-GCTCCT	STREME-2	1.4e-002	AAS82288	3.62	tp	0
2-GCTCCT	STREME-2	1.4e-002	AAS81326	3.62	tp	0
2-GCTCCT	STREME-2	1.4e-002	AAS81402	3.62	fp	0
2-GCTCCT	STREME-2	1.4e-002	AAS82222	3.59	tp	0
2-GCTCCT	STREME-2	1.4e-002	AAS81490	3.59	tp	0
2-GCTCCT	STREME-2	1.4e-002	AAS80610	3.59	tp	0
2-GCTCCT	STREME-2	1.4e-002	AAS81482	3.59	tp	0
2-GCTCCT	STREME-2	1.4e-002	AAS82125	3.59	fp	0
2-GCTCCT	STREME-2	1.4e-002	AAS80920	3.59	fp	0
2-GCTCCT	STREME-2	1.4e-002	AAS81672	3.59	fp	0
2-GCTCCT	STREME-2	1.4e-002	AAS81065	3.59	fp	0
2-GCTCCT	STREME-2	1.4e-002	AAS80637	3.59	fp	0
2-GCTCCT	STREME-2	1.4e-002	AAS81930	3.59	fp	0
2-GCTCCT	STREME-2	1.4e-002	AAS80925	3.59	fp	0
2-GCTCCT	STREME-2	1.4e-002	AAS81241	3.59	fp	0
2-GCTCCT	STREME-2	1.4e-002	AAS80695	3.59	fp	0
2-GCTCCT	STREME-2	1.4e-002	AAS81585	3.59	fp	0
2-GCTCCT	STREME-2	1.4e-002	AAS81305	3.59	fp	0
2-GCTCCT	STREME-2	1.4e-002	AAS81286	3.59	fp	0
2-GCTCCT	STREME-2	1.4e-002	AAS80705	3.59	fp	0
2-GCTCCT	STREME-2	1.4e-002	AAS81819	3.59	fp	0
2-GCTCCT	STREME-2	1.4e-002	AAS81024	3.59	fp	0
#
3-GAAAGGA	STREME-3	2.3e-002	AAS80746	11.24	tp	0
3-GAAAGGA	STREME-3	2.3e-002	AAS81202	11.24	tp	0
3-GAAAGGA	STREME-3	2.3e-002	AAS81443	10.99	tp	0
3-GAAAGGA	STREME-3	2.3e-002	AAS81968	10.99	tp	0
3-GAAAGGA	STREME-3	2.3e-002	AAS81583	10.49	fp	0
3-GAAAGGA	STREME-3	2.3e-002	AAS82222	10.37	tp	0
3-GAAAGGA	STREME-3	2.3e-002	AAS82225	10.22	fp	0
3-GAAAGGA	STREME-3	2.3e-002	AAS82153	9.97	tp	0
3-GAAAGGA	STREME-3	2.3e-002	AAS81531	9.73	tp	0
3-GAAAGGA	STREME-3	2.3e-002	AAS81128	9.73	tp	0
3-GAAAGGA	STREME-3	2.3e-002	AAS82094	9.73	tp	0
3-GAAAGGA	STREME-3	2.3e-002	AAS82214	9.73	tp	0
3-GAAAGGA	STREME-3	2.3e-002	AAS80696	9.73	tp	0
3-GAAAGGA	STREME-3	2.3e-002	AAS82160	9.73	tp	0
3-GAAAGGA	STREME-3	2.3e-002	AAS81081	9.73	tp	0
3-GAAAGGA	STREME-3	2.3e-002	AAS81548	9.73	tp	0
3-GAAAGGA	STREME-3	2.3e-002	AAS81613	9.73	tp	0
3-GAAAGGA	STREME-3	2.3e-002	AAS80474	9.73	tp	0
3-GAAAGGA	STREME-3	2.3e-002	AAS82162	9.73	fp	0
3-GAAAGGA	STREME-3	2.3e-002	AAS80662	9.73	fp	0
3-GAAAGGA	STREME-3	2.3e-002	AAS81615	9.73	fp	0
3-GAAAGGA	STREME-3	2.3e-002	AAS80729	9.73	fp	0
3-GAAAGGA	STREME-3	2.3e-002	AAS80708	9.73	fp	0
3-GAAAGGA	STREME-3	2.3e-002	AAS81246	9.73	fp	0
3-GAAAGGA	STREME-3	2.3e-002	AAS81916	9.73	fp	0
3-GAAAGGA	STREME-3	2.3e-002	AAS80650	9.73	fp	0
3-GAAAGGA	STREME-3	2.3e-002	AAS82065	9.73	fp	0
3-GAAAGGA	STREME-3	2.3e-002	AAS81323	9.73	fp	0
3-GAAAGGA	STREME-3	2.3e-002	AAS81512	9.73	fp	0
3-GAAAGGA	STREME-3	2.3e-002	AAS81689	9.73	fp	0
3-GAAAGGA	STREME-3	2.3e-002	AAS81291	9.73	fp	0
3-GAAAGGA	STREME-3	2.3e-002	AAS82195	9.73	fp	0
3-GAAAGGA	STREME-3	2.3e-002	AAS81979	9.73	tp	1
3-GAAAGGA	STREME-3	2.3e-002	AAS81812	9.73	fp	1
3-GAAAGGA	STREME-3	2.3e-002	AAS81487	9.61	fp	0
3-GAAAGGA	STREME-3	2.3e-002	AAS80595	9.57	fp	0
3-GAAAGGA	STREME-3	2.3e-002	AAS81774	9.38	fp	0
3-GAAAGGA	STREME-3	2.3e-002	AAS81233	9.38	fp	0
3-GAAAGGA	STREME-3	2.3e-002	AAS81581	9.38	tp	1
3-GAAAGGA	STREME-3	2.3e-002	AAS81249	9.36	tp	0
3-GAAAGGA	STREME-3	2.3e-002	AAS80620	9.36	tp	0
3-GAAAGGA	STREME-3	2.3e-002	AAS81922	9.36	tp	0
3-GAAAGGA	STREME-3	2.3e-002	AAS82078	9.36	tp	0
3-GAAAGGA	STREME-3	2.3e-002	AAS82055	9.33	tp	0
3-GAAAGGA	STREME-3	2.3e-002	AAS81001	9.30	fp	0
3-GAAAGGA	STREME-3	2.3e-002	AAS80843	9.08	fp	0
3-GAAAGGA	STREME-3	2.3e-002	AAS82223	9.05	fp	0
3-GAAAGGA	STREME-3	2.3e-002	AAS81255	8.98	tp	0
3-GAAAGGA	STREME-3	2.3e-002	AAS80537	8.98	tp	0
3-GAAAGGA	STREME-3	2.3e-002	AAS81420	8.98	tp	0
3-GAAAGGA	STREME-3	2.3e-002	AAS81911	8.98	tp	0
3-GAAAGGA	STREME-3	2.3e-002	AAS80531	8.98	tp	0
3-GAAAGGA	STREME-3	2.3e-002	AAS81974	8.98	fp	0
3-GAAAGGA	STREME-3	2.3e-002	AAS80749	8.98	fp	0
3-GAAAGGA	STREME-3	2.3e-002	AAS81710	8.98	fp	0
3-GAAAGGA	STREME-3	2.3e-002	AAS81232	8.98	fp	0
3-GAAAGGA	STREME-3	2.3e-002	AAS81862	8.98	fp	0
3-GAAAGGA	STREME-3	2.3e-002	AAS81189	8.98	fp	1
3-GAAAGGA	STREME-3	2.3e-002	AAS81754	8.80	fp	0
3-GAAAGGA	STREME-3	2.3e-002	AAS82241	8.80	fp	0
3-GAAAGGA	STREME-3	2.3e-002	AAS80350	8.80	fp	0
3-GAAAGGA	STREME-3	2.3e-002	AAS81661	8.71	tp	0
3-GAAAGGA	STREME-3	2.3e-002	AAS81205	8.71	tp	0
3-GAAAGGA	STREME-3	2.3e-002	AAS81614	8.71	tp	0
3-GAAAGGA	STREME-3	2.3e-002	AAS82075	8.71	fp	0
3-GAAAGGA	STREME-3	2.3e-002	AAS81342	8.71	fp	0
3-GAAAGGA	STREME-3	2.3e-002	AAS82330	8.71	fp	1
3-GAAAGGA	STREME-3	2.3e-002	AAS81145	8.71	fp	1
3-GAAAGGA	STREME-3	2.3e-002	AAS81834	8.71	fp	1
3-GAAAGGA	STREME-3	2.3e-002	AAS81203	8.64	fp	0
3-GAAAGGA	STREME-3	2.3e-002	AAS81690	8.64	fp	0
3-GAAAGGA	STREME-3	2.3e-002	AAS82123	8.52	fp	0
3-GAAAGGA	STREME-3	2.3e-002	AAS82314	8.52	fp	0
3-GAAAGGA	STREME-3	2.3e-002	AAS80621	8.52	fp	0
3-GAAAGGA	STREME-3	2.3e-002	AAS80979	8.52	fp	0
3-GAAAGGA	STREME-3	2.3e-002	AAS80547	8.33	tp	0
3-GAAAGGA	STREME-3	2.3e-002	AAS81890	8.33	tp	0
3-GAAAGGA	STREME-3	2.3e-002	AAS81560	8.33	fp	0
3-GAAAGGA	STREME-3	2.3e-002	AAS81513	8.33	fp	0
3-GAAAGGA	STREME-3	2.3e-002	AAS80479	8.33	fp	0
3-GAAAGGA	STREME-3	2.3e-002	AAS80904	8.33	fp	0
3-GAAAGGA	STREME-3	2.3e-002	AAS80691	8.28	fp	0
3-GAAAGGA	STREME-3	2.3e-002	AAS80404	8.28	fp	0
3-GAAAGGA	STREME-3	2.3e-002	AAS80604	8.28	fp	0
3-GAAAGGA	STREME-3	2.3e-002	AAS80448	8.28	fp	0
3-GAAAGGA	STREME-3	2.3e-002	AAS80361	8.28	fp	0
3-GAAAGGA	STREME-3	2.3e-002	AAS80487	8.28	fp	0
3-GAAAGGA	STREME-3	2.3e-002	AAS81767	8.10	tp	0
3-GAAAGGA	STREME-3	2.3e-002	AAS81139	8.10	tp	0
3-GAAAGGA	STREME-3	2.3e-002	AAS80709	8.10	tp	0
3-GAAAGGA	STREME-3	2.3e-002	AAS82197	8.10	tp	0
3-GAAAGGA	STREME-3	2.3e-002	AAS81494	8.10	tp	0
3-GAAAGGA	STREME-3	2.3e-002	AAS81540	8.10	fp	0
3-GAAAGGA	STREME-3	2.3e-002	AAS81299	8.10	fp	0
3-GAAAGGA	STREME-3	2.3e-002	AAS82233	8.10	fp	0
3-GAAAGGA	STREME-3	2.3e-002	AAS81364	8.10	fp	0
3-GAAAGGA	STREME-3	2.3e-002	AAS82219	8.10	fp	0
3-GAAAGGA	STREME-3	2.3e-002	AAS81597	8.10	fp	0
3-GAAAGGA	STREME-3	2.3e-002	AAS80566	8.10	fp	0
3-GAAAGGA	STREME-3	2.3e-002	AAS80985	8.10	fp	0
3-GAAAGGA	STREME-3	2.3e-002	AAS80678	8.10	fp	0
3-GAAAGGA	STREME-3	2.3e-002	AAS82235	8.10	fp	0
3-GAAAGGA	STREME-3	2.3e-002	AAS80384	8.10	fp	0
3-GAAAGGA	STREME-3	2.3e-002	AAS81444	8.10	fp	0
3-GAAAGGA	STREME-3	2.3e-002	AAS80406	8.10	fp	0
3-GAAAGGA	STREME-3	2.3e-002	AAS80419	8.10	fp	0
3-GAAAGGA	STREME-3	2.3e-002	AAS81923	8.10	fp	1
3-GAAAGGA	STREME-3	2.3e-002	AAS81351	8.10	fp	1
3-GAAAGGA	STREME-3	2.3e-002	AAS81737	8.05	tp	0
3-GAAAGGA	STREME-3	2.3e-002	AAS81195	8.01	fp	0
3-GAAAGGA	STREME-3	2.3e-002	AAS81399	8.01	fp	0
3-GAAAGGA	STREME-3	2.3e-002	AAS80590	8.01	fp	0
3-GAAAGGA	STREME-3	2.3e-002	AAS80530	8.01	fp	0
3-GAAAGGA	STREME-3	2.3e-002	AAS81099	7.82	tp	0
3-GAAAGGA	STREME-3	2.3e-002	AAS81180	7.79	tp	0
3-GAAAGGA	STREME-3	2.3e-002	AAS81595	7.79	tp	0
3-GAAAGGA	STREME-3	2.3e-002	AAS82166	7.79	tp	0
3-GAAAGGA	STREME-3	2.3e-002	AAS81060	7.79	tp	0
3-GAAAGGA	STREME-3	2.3e-002	AAS82099	7.79	tp	0
3-GAAAGGA	STREME-3	2.3e-002	AAS82210	7.79	tp	0
3-GAAAGGA	STREME-3	2.3e-002	AAS80576	7.79	fp	0
3-GAAAGGA	STREME-3	2.3e-002	AAS80418	7.79	fp	0
3-GAAAGGA	STREME-3	2.3e-002	AAS82027	7.79	fp	0
3-GAAAGGA	STREME-3	2.3e-002	AAS81523	7.79	fp	0
3-GAAAGGA	STREME-3	2.3e-002	AAS81140	7.79	fp	0
3-GAAAGGA	STREME-3	2.3e-002	AAS81188	7.79	fp	0
3-GAAAGGA	STREME-3	2.3e-002	AAS81440	7.79	fp	0
3-GAAAGGA	STREME-3	2.3e-002	AAS82284	7.79	fp	0
3-GAAAGGA	STREME-3	2.3e-002	AAS82033	7.79	fp	0
3-GAAAGGA	STREME-3	2.3e-002	AAS80663	7.79	fp	0
3-GAAAGGA	STREME-3	2.3e-002	AAS82171	7.79	fp	0
3-GAAAGGA	STREME-3	2.3e-002	AAS82228	7.79	fp	0
3-GAAAGGA	STREME-3	2.3e-002	AAS81349	7.79	fp	0
3-GAAAGGA	STREME-3	2.3e-002	AAS82205	7.79	fp	0
3-GAAAGGA	STREME-3	2.3e-002	AAS81875	7.79	fp	0
3-GAAAGGA	STREME-3	2.3e-002	AAS81408	7.79	tp	1
3-GAAAGGA	STREME-3	2.3e-002	AAS81736	7.79	tp	1
3-GAAAGGA	STREME-3	2.3e-002	AAS81153	7.78	tp	0
3-GAAAGGA	STREME-3	2.3e-002	AAS81482	7.71	tp	0
3-GAAAGGA	STREME-3	2.3e-002	AAS81925	7.68	fp	0
3-GAAAGGA	STREME-3	2.3e-002	AAS80506	7.65	fp	0
3-GAAAGGA	STREME-3	2.3e-002	AAS81250	7.65	tp	1
3-GAAAGGA	STREME-3	2.3e-002	AAS81949	7.59	fp	0
3-GAAAGGA	STREME-3	2.3e-002	AAS80977	7.58	fp	0
3-GAAAGGA	STREME-3	2.3e-002	AAS80960	7.58	fp	0
3-GAAAGGA	STREME-3	2.3e-002	AAS81998	7.53	fp	0
3-GAAAGGA	STREME-3	2.3e-002	AAS82218	7.51	fp	0
3-GAAAGGA	STREME-3	2.3e-002	AAS81353	7.50	fp	0
3-GAAAGGA	STREME-3	2.3e-002	AAS81326	7.47	tp	0
3-GAAAGGA	STREME-3	2.3e-002	AAS80784	7.31	fp	0
3-GAAAGGA	STREME-3	2.3e-002	AAS81011	7.31	fp	1
3-GAAAGGA	STREME-3	2.3e-002	AAS80833	7.28	fp	0
3-GAAAGGA	STREME-3	2.3e-002	AAS81113	7.23	tp	0
3-GAAAGGA	STREME-3	2.3e-002	AAS81111	7.23	fp	0
3-GAAAGGA	STREME-3	2.3e-002	AAS82201	7.23	fp	0
3-GAAAGGA	STREME-3	2.3e-002	AAS81462	7.22	tp	0
3-GAAAGGA	STREME-3	2.3e-002	AAS81086	7.22	fp	0
3-GAAAGGA	STREME-3	2.3e-002	AAS81308	7.22	tp	0
3-GAAAGGA	STREME-3	2.3e-002	AAS81814	7.22	tp	0
3-GAAAGGA	STREME-3	2.3e-002	AAS80794	7.22	fp	0
3-GAAAGGA	STREME-3	2.3e-002	AAS81367	7.22	fp	0
3-GAAAGGA	STREME-3	2.3e-002	AAS80514	7.22	fp	0
3-GAAAGGA	STREME-3	2.3e-002	AAS81517	7.22	fp	0
3-GAAAGGA	STREME-3	2.3e-002	AAS81330	7.21	fp	0
3-GAAAGGA	STREME-3	2.3e-002	AAS81434	7.20	tp	0
3-GAAAGGA	STREME-3	2.3e-002	AAS80875	7.20	fp	0
3-GAAAGGA	STREME-3	2.3e-002	AAS81790	7.17	fp	0
3-GAAAGGA	STREME-3	2.3e-002	AAS80963	7.11	fp	0
3-GAAAGGA	STREME-3	2.3e-002	AAS81921	6.99	tp	0
3-GAAAGGA	STREME-3	2.3e-002	AAS82074	6.99	tp	0
3-GAAAGGA	STREME-3	2.3e-002	AAS81841	6.99	fp	0
3-GAAAGGA	STREME-3	2.3e-002	AAS82072	6.99	fp	0
3-GAAAGGA	STREME-3	2.3e-002	AAS80870	6.99	fp	0
3-GAAAGGA	STREME-3	2.3e-002	AAS81708	6.99	fp	0
3-GAAAGGA	STREME-3	2.3e-002	AAS80616	6.99	fp	0
3-GAAAGGA	STREME-3	2.3e-002	AAS80434	6.99	fp	0
3-GAAAGGA	STREME-3	2.3e-002	AAS82142	6.99	fp	0
3-GAAAGGA	STREME-3	2.3e-002	AAS82143	6.99	fp	0
3-GAAAGGA	STREME-3	2.3e-002	AAS81146	6.99	fp	0
3-GAAAGGA	STREME-3	2.3e-002	AAS82086	6.99	fp	0
3-GAAAGGA	STREME-3	2.3e-002	AAS81817	6.92	fp	0
3-GAAAGGA	STREME-3	2.3e-002	AAS81257	6.91	tp	0
3-GAAAGGA	STREME-3	2.3e-002	AAS81017	6.91	tp	0
3-GAAAGGA	STREME-3	2.3e-002	AAS80894	6.90	fp	0
3-GAAAGGA	STREME-3	2.3e-002	AAS80456	6.90	fp	0
3-GAAAGGA	STREME-3	2.3e-002	AAS81343	6.90	fp	0
3-GAAAGGA	STREME-3	2.3e-002	AAS81734	6.90	fp	0
3-GAAAGGA	STREME-3	2.3e-002	AAS82305	6.90	fp	0
3-GAAAGGA	STREME-3	2.3e-002	AAS82028	6.90	fp	0
3-GAAAGGA	STREME-3	2.3e-002	AAS81593	6.90	fp	1
3-GAAAGGA	STREME-3	2.3e-002	AAS81561	6.87	fp	0
3-GAAAGGA	STREME-3	2.3e-002	AAS82105	6.87	fp	0
3-GAAAGGA	STREME-3	2.3e-002	AAS82147	6.87	fp	0
3-GAAAGGA	STREME-3	2.3e-002	AAS82204	6.87	fp	0
3-GAAAGGA	STREME-3	2.3e-002	AAS80861	6.87	fp	0
3-GAAAGGA	STREME-3	2.3e-002	AAS81703	6.87	fp	0
3-GAAAGGA	STREME-3	2.3e-002	AAS81775	6.86	fp	0
3-GAAAGGA	STREME-3	2.3e-002	AAS81904	6.86	fp	1
3-GAAAGGA	STREME-3	2.3e-002	AAS80600	6.74	fp	0
3-GAAAGGA	STREME-3	2.3e-002	AAS80648	6.74	fp	0
3-GAAAGGA	STREME-3	2.3e-002	AAS80969	6.74	fp	0
3-GAAAGGA	STREME-3	2.3e-002	AAS81908	6.74	fp	0
3-GAAAGGA	STREME-3	2.3e-002	AAS82190	6.74	fp	0
3-GAAAGGA	STREME-3	2.3e-002	AAS80943	6.74	fp	0
3-GAAAGGA	STREME-3	2.3e-002	AAS80352	6.74	fp	0
3-GAAAGGA	STREME-3	2.3e-002	AAS81665	6.70	tp	0
3-GAAAGGA	STREME-3	2.3e-002	AAS82178	6.70	tp	0
3-GAAAGGA	STREME-3	2.3e-002	AAS81008	6.70	fp	0
3-GAAAGGA	STREME-3	2.3e-002	AAS81136	6.65	tp	0
3-GAAAGGA	STREME-3	2.3e-002	AAS82213	6.65	fp	0
3-GAAAGGA	STREME-3	2.3e-002	AAS80763	6.65	fp	0
3-GAAAGGA	STREME-3	2.3e-002	AAS80379	6.65	fp	0
3-GAAAGGA	STREME-3	2.3e-002	AAS82275	6.60	fp	0
3-GAAAGGA	STREME-3	2.3e-002	AAS82009	6.59	tp	0
3-GAAAGGA	STREME-3	2.3e-002	AAS82084	6.50	tp	0
3-GAAAGGA	STREME-3	2.3e-002	AAS80938	6.50	fp	0
3-GAAAGGA	STREME-3	2.3e-002	AAS81057	6.50	tp	1
3-GAAAGGA	STREME-3	2.3e-002	AAS82287	6.44	tp	0
3-GAAAGGA	STREME-3	2.3e-002	AAS81375	6.44	fp	0
3-GAAAGGA	STREME-3	2.3e-002	AAS81897	6.44	fp	0
3-GAAAGGA	STREME-3	2.3e-002	AAS81228	6.44	fp	0
3-GAAAGGA	STREME-3	2.3e-002	AAS81604	6.44	tp	1
3-GAAAGGA	STREME-3	2.3e-002	AAS81550	6.44	tp	1
3-GAAAGGA	STREME-3	2.3e-002	AAS80349	6.44	fp	1
3-GAAAGGA	STREME-3	2.3e-002	AAS82052	6.42	fp	0
3-GAAAGGA	STREME-3	2.3e-002	AAS82085	6.39	tp	0
3-GAAAGGA	STREME-3	2.3e-002	AAS80793	6.39	fp	0
3-GAAAGGA	STREME-3	2.3e-002	AAS82082	6.39	tp	0
3-GAAAGGA	STREME-3	2.3e-002	AAS80571	6.39	tp	0
3-GAAAGGA	STREME-3	2.3e-002	AAS80810	6.39	fp	0
3-GAAAGGA	STREME-3	2.3e-002	AAS81463	6.37	tp	0
3-GAAAGGA	STREME-3	2.3e-002	AAS80798	6.36	fp	0
3-GAAAGGA	STREME-3	2.3e-002	AAS81622	6.33	fp	0
3-GAAAGGA	STREME-3	2.3e-002	AAS81436	6.33	fp	0
3-GAAAGGA	STREME-3	2.3e-002	AAS81115	6.28	tp	0
3-GAAAGGA	STREME-3	2.3e-002	AAS81154	6.28	fp	1
3-GAAAGGA	STREME-3	2.3e-002	AAS81625	6.25	fp	0
3-GAAAGGA	STREME-3	2.3e-002	AAS81867	6.24	tp	0
3-GAAAGGA	STREME-3	2.3e-002	AAS82000	6.24	tp	0
3-GAAAGGA	STREME-3	2.3e-002	AAS81766	6.24	tp	0
3-GAAAGGA	STREME-3	2.3e-002	AAS81490	6.24	tp	0
3-GAAAGGA	STREME-3	2.3e-002	AAS82161	6.24	tp	0
3-GAAAGGA	STREME-3	2.3e-002	AAS82073	6.24	tp	0
3-GAAAGGA	STREME-3	2.3e-002	AAS82119	6.24	tp	0
3-GAAAGGA	STREME-3	2.3e-002	AAS81511	6.24	fp	0
3-GAAAGGA	STREME-3	2.3e-002	AAS81368	6.24	fp	0
3-GAAAGGA	STREME-3	2.3e-002	AAS80657	6.24	fp	0
3-GAAAGGA	STREME-3	2.3e-002	AAS81945	6.24	fp	0
3-GAAAGGA	STREME-3	2.3e-002	AAS81472	6.24	fp	0
3-GAAAGGA	STREME-3	2.3e-002	AAS80563	6.24	fp	0
3-GAAAGGA	STREME-3	2.3e-002	AAS81768	6.24	fp	0
3-GAAAGGA	STREME-3	2.3e-002	AAS81709	6.24	fp	0
3-GAAAGGA	STREME-3	2.3e-002	AAS80991	6.24	fp	0
3-GAAAGGA	STREME-3	2.3e-002	AAS80360	6.24	fp	0
3-GAAAGGA	STREME-3	2.3e-002	AAS80455	6.24	fp	0
3-GAAAGGA	STREME-3	2.3e-002	AAS82016	6.24	fp	0
3-GAAAGGA	STREME-3	2.3e-002	AAS80905	6.24	fp	0
3-GAAAGGA	STREME-3	2.3e-002	AAS82010	6.24	fp	0
3-GAAAGGA	STREME-3	2.3e-002	AAS81441	6.24	fp	0
3-GAAAGGA	STREME-3	2.3e-002	AAS81475	6.24	fp	0
3-GAAAGGA	STREME-3	2.3e-002	AAS81935	6.24	fp	1
3-GAAAGGA	STREME-3	2.3e-002	AAS81118	6.24	fp	1
3-GAAAGGA	STREME-3	2.3e-002	AAS81846	6.24	fp	1
3-GAAAGGA	STREME-3	2.3e-002	AAS80551	6.24	fp	1
3-GAAAGGA	STREME-3	2.3e-002	AAS80776	6.24	fp	1
3-GAAAGGA	STREME-3	2.3e-002	AAS80743	6.17	tp	0
3-GAAAGGA	STREME-3	2.3e-002	AAS81971	6.17	fp	0
3-GAAAGGA	STREME-3	2.3e-002	AAS80791	6.11	fp	0
3-GAAAGGA	STREME-3	2.3e-002	AAS81315	6.09	fp	0
3-GAAAGGA	STREME-3	2.3e-002	AAS81272	6.06	fp	0
3-GAAAGGA	STREME-3	2.3e-002	AAS81824	5.99	fp	0
3-GAAAGGA	STREME-3	2.3e-002	AAS80583	5.96	fp	0
3-GAAAGGA	STREME-3	2.3e-002	AAS81333	5.90	tp	0
3-GAAAGGA	STREME-3	2.3e-002	AAS81647	5.90	tp	0
3-GAAAGGA	STREME-3	2.3e-002	AAS81724	5.90	fp	0
3-GAAAGGA	STREME-3	2.3e-002	AAS82151	5.89	tp	0
3-GAAAGGA	STREME-3	2.3e-002	AAS80928	5.89	tp	0
3-GAAAGGA	STREME-3	2.3e-002	AAS81435	5.89	tp	0
3-GAAAGGA	STREME-3	2.3e-002	AAS81292	5.89	fp	0
3-GAAAGGA	STREME-3	2.3e-002	AAS81229	5.89	fp	0
3-GAAAGGA	STREME-3	2.3e-002	AAS82076	5.89	fp	1
3-GAAAGGA	STREME-3	2.3e-002	AAS81688	5.81	fp	0
3-GAAAGGA	STREME-3	2.3e-002	AAS80475	5.79	fp	0
3-GAAAGGA	STREME-3	2.3e-002	AAS80441	5.75	tp	0
3-GAAAGGA	STREME-3	2.3e-002	AAS82295	5.69	fp	0
3-GAAAGGA	STREME-3	2.3e-002	AAS82306	5.69	tp	0
3-GAAAGGA	STREME-3	2.3e-002	AAS82128	5.69	fp	0
3-GAAAGGA	STREME-3	2.3e-002	AAS81993	5.68	tp	0
3-GAAAGGA	STREME-3	2.3e-002	AAS80426	5.68	fp	0
3-GAAAGGA	STREME-3	2.3e-002	AAS81829	5.68	tp	1
3-GAAAGGA	STREME-3	2.3e-002	AAS81577	5.68	tp	0
3-GAAAGGA	STREME-3	2.3e-002	AAS81730	5.68	fp	0
3-GAAAGGA	STREME-3	2.3e-002	AAS80756	5.64	fp	0
3-GAAAGGA	STREME-3	2.3e-002	AAS80462	5.59	tp	0
3-GAAAGGA	STREME-3	2.3e-002	AAS81460	5.59	tp	0
3-GAAAGGA	STREME-3	2.3e-002	AAS81464	5.59	tp	0
#
4-TRNSNYA	STREME-4	1.4e-001	AAS80935	10.77	fp	0
4-TRNSNYA	STREME-4	1.4e-001	AAS81457	10.54	tp	0
4-TRNSNYA	STREME-4	1.4e-001	AAS81613	9.86	tp	0
4-TRNSNYA	STREME-4	1.4e-001	AAS81615	9.86	fp	0
4-TRNSNYA	STREME-4	1.4e-001	AAS82028	9.63	fp	0
4-TRNSNYA	STREME-4	1.4e-001	AAS81839	9.60	fp	0
4-TRNSNYA	STREME-4	1.4e-001	AAS81513	9.60	fp	0
4-TRNSNYA	STREME-4	1.4e-001	AAS80977	9.60	fp	0
4-TRNSNYA	STREME-4	1.4e-001	AAS82201	9.60	fp	0
4-TRNSNYA	STREME-4	1.4e-001	AAS81668	9.60	tp	0
4-TRNSNYA	STREME-4	1.4e-001	AAS82317	9.60	fp	0
4-TRNSNYA	STREME-4	1.4e-001	AAS80419	9.60	fp	0
4-TRNSNYA	STREME-4	1.4e-001	AAS81767	9.40	tp	0
4-TRNSNYA	STREME-4	1.4e-001	AAS81203	9.26	fp	0
4-TRNSNYA	STREME-4	1.4e-001	AAS81686	9.26	fp	0
4-TRNSNYA	STREME-4	1.4e-001	AAS80462	9.15	tp	0
4-TRNSNYA	STREME-4	1.4e-001	AAS80803	9.15	fp	0
4-TRNSNYA	STREME-4	1.4e-001	AAS82299	8.86	fp	0
4-TRNSNYA	STREME-4	1.4e-001	AAS81676	8.35	fp	0
4-TRNSNYA	STREME-4	1.4e-001	AAS81240	8.13	fp	0
4-TRNSNYA	STREME-4	1.4e-001	AAS81373	7.99	tp	0
4-TRNSNYA	STREME-4	1.4e-001	AAS82161	7.99	tp	0
4-TRNSNYA	STREME-4	1.4e-001	AAS80610	7.99	tp	0
4-TRNSNYA	STREME-4	1.4e-001	AAS81375	7.99	fp	0
4-TRNSNYA	STREME-4	1.4e-001	AAS80616	7.99	fp	0
4-TRNSNYA	STREME-4	1.4e-001	AAS82033	7.99	fp	0
4-TRNSNYA	STREME-4	1.4e-001	AAS81323	7.99	fp	0
4-TRNSNYA	STREME-4	1.4e-001	AAS81405	7.99	fp	0
4-TRNSNYA	STREME-4	1.4e-001	AAS82203	7.99	fp	0
4-TRNSNYA	STREME-4	1.4e-001	AAS82075	7.93	fp	0
4-TRNSNYA	STREME-4	1.4e-001	AAS80490	7.93	fp	0
4-TRNSNYA	STREME-4	1.4e-001	AAS80582	7.93	fp	0
4-TRNSNYA	STREME-4	1.4e-001	AAS80361	7.93	fp	0
4-TRNSNYA	STREME-4	1.4e-001	AAS81724	7.82	fp	0
4-TRNSNYA	STREME-4	1.4e-001	AAS82189	7.81	fp	0
4-TRNSNYA	STREME-4	1.4e-001	AAS80650	7.81	fp	0
4-TRNSNYA	STREME-4	1.4e-001	AAS81117	7.73	fp	0
4-TRNSNYA	STREME-4	1.4e-001	AAS81989	7.73	fp	0
4-TRNSNYA	STREME-4	1.4e-001	AAS81202	7.68	tp	0
4-TRNSNYA	STREME-4	1.4e-001	AAS82197	7.66	tp	0
4-TRNSNYA	STREME-4	1.4e-001	AAS81518	7.66	fp	0
4-TRNSNYA	STREME-4	1.4e-001	AAS81196	7.65	fp	0
4-TRNSNYA	STREME-4	1.4e-001	AAS80530	7.54	fp	0
4-TRNSNYA	STREME-4	1.4e-001	AAS81833	7.51	fp	0
4-TRNSNYA	STREME-4	1.4e-001	AAS81146	7.51	fp	0
4-TRNSNYA	STREME-4	1.4e-001	AAS80776	7.51	fp	1
4-TRNSNYA	STREME-4	1.4e-001	AAS80441	7.34	tp	0
4-TRNSNYA	STREME-4	1.4e-001	AAS80447	7.34	fp	0
4-TRNSNYA	STREME-4	1.4e-001	AAS80595	7.34	fp	0
4-TRNSNYA	STREME-4	1.4e-001	AAS81447	7.34	fp	1
4-TRNSNYA	STREME-4	1.4e-001	AAS82076	7.34	fp	1
4-TRNSNYA	STREME-4	1.4e-001	AAS81814	7.33	tp	0
4-TRNSNYA	STREME-4	1.4e-001	AAS80350	7.33	fp	0
4-TRNSNYA	STREME-4	1.4e-001	AAS80747	7.33	fp	0
4-TRNSNYA	STREME-4	1.4e-001	AAS80748	7.33	fp	0
4-TRNSNYA	STREME-4	1.4e-001	AAS81351	7.25	fp	1
4-TRNSNYA	STREME-4	1.4e-001	AAS81116	7.25	tp	0
4-TRNSNYA	STREME-4	1.4e-001	AAS81765	7.25	tp	0
4-TRNSNYA	STREME-4	1.4e-001	AAS80580	7.25	fp	0
4-TRNSNYA	STREME-4	1.4e-001	AAS81268	7.25	fp	0
4-TRNSNYA	STREME-4	1.4e-001	AAS80469	7.25	fp	0
4-TRNSNYA	STREME-4	1.4e-001	AAS80523	7.25	fp	0
4-TRNSNYA	STREME-4	1.4e-001	AAS81574	7.25	fp	0
4-TRNSNYA	STREME-4	1.4e-001	AAS81734	7.25	fp	0
4-TRNSNYA	STREME-4	1.4e-001	AAS80411	7.25	fp	0
4-TRNSNYA	STREME-4	1.4e-001	AAS80487	7.25	fp	0
4-TRNSNYA	STREME-4	1.4e-001	AAS81540	7.22	fp	0
4-TRNSNYA	STREME-4	1.4e-001	AAS82296	7.22	fp	0
4-TRNSNYA	STREME-4	1.4e-001	AAS81998	7.22	fp	0
4-TRNSNYA	STREME-4	1.4e-001	AAS80761	7.22	fp	0
4-TRNSNYA	STREME-4	1.4e-001	AAS82129	7.22	fp	0
4-TRNSNYA	STREME-4	1.4e-001	AAS81024	7.22	fp	0
4-TRNSNYA	STREME-4	1.4e-001	AAS81812	7.22	fp	1
4-TRNSNYA	STREME-4	1.4e-001	AAS80918	7.14	fp	0
4-TRNSNYA	STREME-4	1.4e-001	AAS81714	7.14	tp	1
4-TRNSNYA	STREME-4	1.4e-001	AAS81889	7.00	fp	0
4-TRNSNYA	STREME-4	1.4e-001	AAS81185	6.94	fp	0
4-TRNSNYA	STREME-4	1.4e-001	AAS81157	6.92	fp	0
4-TRNSNYA	STREME-4	1.4e-001	AAS82166	6.91	tp	0
4-TRNSNYA	STREME-4	1.4e-001	AAS81986	6.91	fp	0
4-TRNSNYA	STREME-4	1.4e-001	AAS80885	6.91	fp	0
4-TRNSNYA	STREME-4	1.4e-001	AAS81121	6.82	fp	0
4-TRNSNYA	STREME-4	1.4e-001	AAS80938	6.67	fp	0
4-TRNSNYA	STREME-4	1.4e-001	AAS80876	6.67	fp	0
4-TRNSNYA	STREME-4	1.4e-001	AAS80479	6.64	fp	0
4-TRNSNYA	STREME-4	1.4e-001	AAS81689	6.60	fp	0
4-TRNSNYA	STREME-4	1.4e-001	AAS81133	6.60	tp	1
4-TRNSNYA	STREME-4	1.4e-001	AAS81342	6.60	fp	0
4-TRNSNYA	STREME-4	1.4e-001	AAS81827	6.60	fp	0
4-TRNSNYA	STREME-4	1.4e-001	AAS81964	6.58	fp	0
4-TRNSNYA	STREME-4	1.4e-001	AAS80661	6.58	fp	0
4-TRNSNYA	STREME-4	1.4e-001	AAS81332	6.56	fp	0
4-TRNSNYA	STREME-4	1.4e-001	AAS81614	6.49	tp	0
4-TRNSNYA	STREME-4	1.4e-001	AAS81902	6.49	fp	0
4-TRNSNYA	STREME-4	1.4e-001	AAS81652	6.34	tp	0
4-TRNSNYA	STREME-4	1.4e-001	AAS82071	6.34	fp	0
4-TRNSNYA	STREME-4	1.4e-001	AAS80991	6.34	fp	0
4-TRNSNYA	STREME-4	1.4e-001	AAS81690	6.34	fp	0
4-TRNSNYA	STREME-4	1.4e-001	AAS80633	6.34	fp	0
4-TRNSNYA	STREME-4	1.4e-001	AAS80844	6.34	fp	0
4-TRNSNYA	STREME-4	1.4e-001	AAS82318	6.34	fp	1
4-TRNSNYA	STREME-4	1.4e-001	AAS81367	6.24	fp	0
4-TRNSNYA	STREME-4	1.4e-001	AAS82329	6.24	fp	0
4-TRNSNYA	STREME-4	1.4e-001	AAS81547	6.23	tp	0
4-TRNSNYA	STREME-4	1.4e-001	AAS81622	6.23	fp	0
4-TRNSNYA	STREME-4	1.4e-001	AAS82174	6.23	fp	0
4-TRNSNYA	STREME-4	1.4e-001	AAS80949	6.23	fp	0
4-TRNSNYA	STREME-4	1.4e-001	AAS82225	6.23	fp	0
4-TRNSNYA	STREME-4	1.4e-001	AAS80784	6.23	fp	0
4-TRNSNYA	STREME-4	1.4e-001	AAS82058	6.23	fp	0
4-TRNSNYA	STREME-4	1.4e-001	AAS82066	6.23	fp	0
4-TRNSNYA	STREME-4	1.4e-001	AAS82160	6.22	tp	0
4-TRNSNYA	STREME-4	1.4e-001	AAS82162	6.22	fp	0
4-TRNSNYA	STREME-4	1.4e-001	AAS81922	6.19	tp	0
4-TRNSNYA	STREME-4	1.4e-001	AAS81890	6.19	tp	0
4-TRNSNYA	STREME-4	1.4e-001	AAS81899	6.19	fp	0
4-TRNSNYA	STREME-4	1.4e-001	AAS81935	6.19	fp	1
4-TRNSNYA	STREME-4	1.4e-001	AAS82097	6.18	tp	0
4-TRNSNYA	STREME-4	1.4e-001	AAS82055	6.18	tp	0
4-TRNSNYA	STREME-4	1.4e-001	AAS81086	6.18	fp	0
4-TRNSNYA	STREME-4	1.4e-001	AAS81233	6.18	fp	0
4-TRNSNYA	STREME-4	1.4e-001	AAS82171	6.18	fp	0
4-TRNSNYA	STREME-4	1.4e-001	AAS82077	6.17	tp	0
4-TRNSNYA	STREME-4	1.4e-001	AAS80634	6.17	fp	0
4-TRNSNYA	STREME-4	1.4e-001	AAS81522	6.17	fp	1
4-TRNSNYA	STREME-4	1.4e-001	AAS82087	6.11	fp	0
4-TRNSNYA	STREME-4	1.4e-001	AAS82016	6.08	fp	0
4-TRNSNYA	STREME-4	1.4e-001	AAS81700	6.04	fp	1
4-TRNSNYA	STREME-4	1.4e-001	AAS81643	5.95	tp	0
4-TRNSNYA	STREME-4	1.4e-001	AAS81727	5.95	tp	0
4-TRNSNYA	STREME-4	1.4e-001	AAS81523	5.95	fp	0
4-TRNSNYA	STREME-4	1.4e-001	AAS81897	5.95	fp	0
4-TRNSNYA	STREME-4	1.4e-001	AAS80549	5.95	fp	0
4-TRNSNYA	STREME-4	1.4e-001	AAS80354	5.92	fp	1
4-TRNSNYA	STREME-4	1.4e-001	AAS81708	5.89	fp	0
4-TRNSNYA	STREME-4	1.4e-001	AAS80906	5.89	fp	0
4-TRNSNYA	STREME-4	1.4e-001	AAS81366	5.89	fp	0
4-TRNSNYA	STREME-4	1.4e-001	AAS81709	5.89	fp	0
4-TRNSNYA	STREME-4	1.4e-001	AAS81599	5.89	fp	0
4-TRNSNYA	STREME-4	1.4e-001	AAS82215	5.89	fp	0
4-TRNSNYA	STREME-4	1.4e-001	AAS80785	5.89	fp	0
4-TRNSNYA	STREME-4	1.4e-001	AAS81011	5.89	fp	1
4-TRNSNYA	STREME-4	1.4e-001	AAS81007	5.86	fp	0
4-TRNSNYA	STREME-4	1.4e-001	AAS80798	5.84	fp	0
4-TRNSNYA	STREME-4	1.4e-001	AAS81828	5.83	fp	0
4-TRNSNYA	STREME-4	1.4e-001	AAS81775	5.82	fp	0
4-TRNSNYA	STREME-4	1.4e-001	AAS81737	5.82	tp	0
4-TRNSNYA	STREME-4	1.4e-001	AAS80804	5.82	fp	0
4-TRNSNYA	STREME-4	1.4e-001	AAS81471	5.80	fp	0
4-TRNSNYA	STREME-4	1.4e-001	AAS81974	5.80	fp	0
4-TRNSNYA	STREME-4	1.4e-001	AAS81080	5.80	fp	0
4-TRNSNYA	STREME-4	1.4e-001	AAS82010	5.80	fp	0
4-TRNSNYA	STREME-4	1.4e-001	AAS80514	5.80	fp	0
4-TRNSNYA	STREME-4	1.4e-001	AAS81340	5.80	fp	0
4-TRNSNYA	STREME-4	1.4e-001	AAS81906	5.80	fp	0
4-TRNSNYA	STREME-4	1.4e-001	AAS81785	5.80	fp	0
4-TRNSNYA	STREME-4	1.4e-001	AAS81409	5.80	fp	0
4-TRNSNYA	STREME-4	1.4e-001	AAS81707	5.79	tp	0
4-TRNSNYA	STREME-4	1.4e-001	AAS81560	5.79	fp	0
4-TRNSNYA	STREME-4	1.4e-001	AAS81688	5.79	fp	0
4-TRNSNYA	STREME-4	1.4e-001	AAS81660	5.70	tp	0
4-TRNSNYA	STREME-4	1.4e-001	AAS80620	5.70	tp	0
4-TRNSNYA	STREME-4	1.4e-001	AAS80356	5.70	fp	0
4-TRNSNYA	STREME-4	1.4e-001	AAS80439	5.70	fp	0
4-TRNSNYA	STREME-4	1.4e-001	AAS82102	5.70	fp	0
4-TRNSNYA	STREME-4	1.4e-001	AAS81761	5.70	fp	0
4-TRNSNYA	STREME-4	1.4e-001	AAS80970	5.70	fp	0
4-TRNSNYA	STREME-4	1.4e-001	AAS82278	5.70	fp	0
4-TRNSNYA	STREME-4	1.4e-001	AAS81259	5.70	tp	1
4-TRNSNYA	STREME-4	1.4e-001	AAS82127	5.70	fp	1
4-TRNSNYA	STREME-4	1.4e-001	AAS80474	5.68	tp	0
4-TRNSNYA	STREME-4	1.4e-001	AAS80571	5.65	tp	0
4-TRNSNYA	STREME-4	1.4e-001	AAS81768	5.65	fp	0
4-TRNSNYA	STREME-4	1.4e-001	AAS81597	5.64	fp	0
4-TRNSNYA	STREME-4	1.4e-001	AAS81285	5.58	tp	0
4-TRNSNYA	STREME-4	1.4e-001	AAS80547	5.58	tp	0
4-TRNSNYA	STREME-4	1.4e-001	AAS80709	5.58	tp	0
4-TRNSNYA	STREME-4	1.4e-001	AAS81119	5.58	tp	0
4-TRNSNYA	STREME-4	1.4e-001	AAS80749	5.53	fp	0
4-TRNSNYA	STREME-4	1.4e-001	AAS81687	5.51	fp	0
4-TRNSNYA	STREME-4	1.4e-001	AAS80624	5.51	fp	1
4-TRNSNYA	STREME-4	1.4e-001	AAS82309	5.47	fp	0
4-TRNSNYA	STREME-4	1.4e-001	AAS80562	5.47	fp	0
4-TRNSNYA	STREME-4	1.4e-001	AAS82330	5.47	fp	1
4-TRNSNYA	STREME-4	1.4e-001	AAS81501	5.45	tp	0
4-TRNSNYA	STREME-4	1.4e-001	AAS82219	5.45	fp	0
4-TRNSNYA	STREME-4	1.4e-001	AAS81521	5.45	fp	0
4-TRNSNYA	STREME-4	1.4e-001	AAS81949	5.43	fp	0
4-TRNSNYA	STREME-4	1.4e-001	AAS81128	5.40	tp	0
4-TRNSNYA	STREME-4	1.4e-001	AAS81108	5.38	tp	0
4-TRNSNYA	STREME-4	1.4e-001	AAS81588	5.32	tp	0
4-TRNSNYA	STREME-4	1.4e-001	AAS80978	5.23	fp	0
4-TRNSNYA	STREME-4	1.4e-001	AAS81308	5.21	tp	0
4-TRNSNYA	STREME-4	1.4e-001	AAS81790	5.21	fp	0
4-TRNSNYA	STREME-4	1.4e-001	AAS80772	5.21	fp	0
4-TRNSNYA	STREME-4	1.4e-001	AAS81481	5.21	fp	0
4-TRNSNYA	STREME-4	1.4e-001	AAS80648	5.21	fp	0
4-TRNSNYA	STREME-4	1.4e-001	AAS80653	5.21	fp	0
4-TRNSNYA	STREME-4	1.4e-001	AAS82137	5.21	fp	0
4-TRNSNYA	STREME-4	1.4e-001	AAS80840	5.21	fp	0
4-TRNSNYA	STREME-4	1.4e-001	AAS82284	5.21	fp	0
4-TRNSNYA	STREME-4	1.4e-001	AAS82321	5.21	fp	0
4-TRNSNYA	STREME-4	1.4e-001	AAS82241	5.21	fp	0
4-TRNSNYA	STREME-4	1.4e-001	AAS81541	5.21	fp	0
4-TRNSNYA	STREME-4	1.4e-001	AAS80663	5.21	fp	0
4-TRNSNYA	STREME-4	1.4e-001	AAS82303	5.21	fp	0
4-TRNSNYA	STREME-4	1.4e-001	AAS80381	5.21	fp	0
4-TRNSNYA	STREME-4	1.4e-001	AAS80771	5.21	fp	0
4-TRNSNYA	STREME-4	1.4e-001	AAS81593	5.21	fp	1
4-TRNSNYA	STREME-4	1.4e-001	AAS80666	5.21	fp	1
4-TRNSNYA	STREME-4	1.4e-001	AAS81180	5.21	tp	0
4-TRNSNYA	STREME-4	1.4e-001	AAS81303	5.16	fp	1
4-TRNSNYA	STREME-4	1.4e-001	AAS80532	5.11	tp	0
4-TRNSNYA	STREME-4	1.4e-001	AAS82147	5.11	fp	0
4-TRNSNYA	STREME-4	1.4e-001	AAS81846	5.11	fp	1
4-TRNSNYA	STREME-4	1.4e-001	AAS81511	5.09	fp	0
4-TRNSNYA	STREME-4	1.4e-001	AAS81441	5.07	fp	0
4-TRNSNYA	STREME-4	1.4e-001	AAS80755	5.06	fp	0
4-TRNSNYA	STREME-4	1.4e-001	AAS80600	5.01	fp	0
4-TRNSNYA	STREME-4	1.4e-001	AAS80870	5.01	fp	0
4-TRNSNYA	STREME-4	1.4e-001	AAS80552	5.01	fp	0
4-TRNSNYA	STREME-4	1.4e-001	AAS81438	5.01	fp	0
4-TRNSNYA	STREME-4	1.4e-001	AAS81292	5.01	fp	0
4-TRNSNYA	STREME-4	1.4e-001	AAS81364	5.01	fp	0
4-TRNSNYA	STREME-4	1.4e-001	AAS81996	5.01	fp	0
4-TRNSNYA	STREME-4	1.4e-001	AAS81739	5.01	fp	0
4-TRNSNYA	STREME-4	1.4e-001	AAS82204	5.01	fp	0
4-TRNSNYA	STREME-4	1.4e-001	AAS81232	5.01	fp	0
4-TRNSNYA	STREME-4	1.4e-001	AAS81524	5.01	fp	0
4-TRNSNYA	STREME-4	1.4e-001	AAS81305	5.01	fp	0
4-TRNSNYA	STREME-4	1.4e-001	AAS80407	5.01	fp	0
4-TRNSNYA	STREME-4	1.4e-001	AAS81031	5.01	fp	0
4-TRNSNYA	STREME-4	1.4e-001	AAS81717	5.01	tp	1
4-TRNSNYA	STREME-4	1.4e-001	AAS80349	5.01	fp	1
4-TRNSNYA	STREME-4	1.4e-001	AAS82223	5.00	fp	0
4-TRNSNYA	STREME-4	1.4e-001	AAS81001	4.95	fp	0
4-TRNSNYA	STREME-4	1.4e-001	AAS81766	4.95	tp	0
4-TRNSNYA	STREME-4	1.4e-001	AAS81092	4.95	fp	0
4-TRNSNYA	STREME-4	1.4e-001	AAS82195	4.94	fp	0
4-TRNSNYA	STREME-4	1.4e-001	AAS82022	4.89	fp	0
4-TRNSNYA	STREME-4	1.4e-001	AAS81096	4.89	fp	0
4-TRNSNYA	STREME-4	1.4e-001	AAS81095	4.89	fp	0
4-TRNSNYA	STREME-4	1.4e-001	AAS80969	4.88	fp	0
4-TRNSNYA	STREME-4	1.4e-001	AAS81115	4.86	tp	0
4-TRNSNYA	STREME-4	1.4e-001	AAS81460	4.86	tp	0
4-TRNSNYA	STREME-4	1.4e-001	AAS82067	4.86	fp	0
4-TRNSNYA	STREME-4	1.4e-001	AAS82115	4.86	fp	0
4-TRNSNYA	STREME-4	1.4e-001	AAS80857	4.86	tp	1
4-TRNSNYA	STREME-4	1.4e-001	AAS82046	4.84	tp	0
4-TRNSNYA	STREME-4	1.4e-001	AAS80893	4.84	fp	0
4-TRNSNYA	STREME-4	1.4e-001	AAS82213	4.84	fp	0
4-TRNSNYA	STREME-4	1.4e-001	AAS80601	4.84	fp	0
4-TRNSNYA	STREME-4	1.4e-001	AAS81903	4.84	fp	0
4-TRNSNYA	STREME-4	1.4e-001	AAS81475	4.84	fp	0
4-TRNSNYA	STREME-4	1.4e-001	AAS81874	4.80	tp	0
4-TRNSNYA	STREME-4	1.4e-001	AAS81875	4.80	fp	0
4-TRNSNYA	STREME-4	1.4e-001	AAS81877	4.80	fp	0
4-TRNSNYA	STREME-4	1.4e-001	AAS81420	4.78	tp	0
4-TRNSNYA	STREME-4	1.4e-001	AAS82267	4.78	tp	0
4-TRNSNYA	STREME-4	1.4e-001	AAS81393	4.78	fp	0
4-TRNSNYA	STREME-4	1.4e-001	AAS81440	4.78	fp	0
4-TRNSNYA	STREME-4	1.4e-001	AAS82130	4.78	fp	0
4-TRNSNYA	STREME-4	1.4e-001	AAS81189	4.78	fp	1
4-TRNSNYA	STREME-4	1.4e-001	AAS80418	4.75	fp	0
4-TRNSNYA	STREME-4	1.4e-001	AAS81605	4.75	fp	0
4-TRNSNYA	STREME-4	1.4e-001	AAS80383	4.75	fp	0
4-TRNSNYA	STREME-4	1.4e-001	AAS80922	4.75	fp	0
4-TRNSNYA	STREME-4	1.4e-001	AAS80478	4.75	fp	0
4-TRNSNYA	STREME-4	1.4e-001	AAS81392	4.75	fp	0
4-TRNSNYA	STREME-4	1.4e-001	AAS82273	4.75	fp	0
4-TRNSNYA	STREME-4	1.4e-001	AAS81394	4.75	fp	0
4-TRNSNYA	STREME-4	1.4e-001	AAS81363	4.75	fp	0
4-TRNSNYA	STREME-4	1.4e-001	AAS80385	4.75	fp	0
4-TRNSNYA	STREME-4	1.4e-001	AAS80672	4.75	fp	0
4-TRNSNYA	STREME-4	1.4e-001	AAS80887	4.75	fp	0
4-TRNSNYA	STREME-4	1.4e-001	AAS82205	4.75	fp	0
4-TRNSNYA	STREME-4	1.4e-001	AAS80796	4.75	fp	0
4-TRNSNYA	STREME-4	1.4e-001	AAS81851	4.75	fp	0
4-TRNSNYA	STREME-4	1.4e-001	AAS81341	4.75	fp	0
4-TRNSNYA	STREME-4	1.4e-001	AAS81250	4.75	tp	1
4-TRNSNYA	STREME-4	1.4e-001	AAS81395	4.75	fp	1
4-TRNSNYA	STREME-4	1.4e-001	AAS81923	4.75	fp	1
4-TRNSNYA	STREME-4	1.4e-001	AAS80615	4.72	fp	1
4-TRNSNYA	STREME-4	1.4e-001	AAS81021	4.72	tp	0
4-TRNSNYA	STREME-4	1.4e-001	AAS82305	4.71	fp	0
4-TRNSNYA	STREME-4	1.4e-001	AAS80846	4.71	tp	1
4-TRNSNYA	STREME-4	1.4e-001	AAS81604	4.71	tp	1
4-TRNSNYA	STREME-4	1.4e-001	AAS82227	4.71	tp	0
4-TRNSNYA	STREME-4	1.4e-001	AAS81257	4.71	tp	0
4-TRNSNYA	STREME-4	1.4e-001	AAS82222	4.70	tp	0
4-TRNSNYA	STREME-4	1.4e-001	AAS81661	4.67	tp	0
4-TRNSNYA	STREME-4	1.4e-001	AAS81399	4.67	fp	0
4-TRNSNYA	STREME-4	1.4e-001	AAS80794	4.66	fp	0
4-TRNSNYA	STREME-4	1.4e-001	AAS81517	4.66	fp	0
4-TRNSNYA	STREME-4	1.4e-001	AAS81269	4.63	fp	0
4-TRNSNYA	STREME-4	1.4e-001	AAS80606	4.58	fp	0
4-TRNSNYA	STREME-4	1.4e-001	AAS82012	4.58	fp	0
4-TRNSNYA	STREME-4	1.4e-001	AAS81816	4.58	fp	0
4-TRNSNYA	STREME-4	1.4e-001	AAS80394	4.57	tp	0
4-TRNSNYA	STREME-4	1.4e-001	AAS80541	4.57	fp	0
4-TRNSNYA	STREME-4	1.4e-001	AAS81742	4.57	fp	0
4-TRNSNYA	STREME-4	1.4e-001	AAS81538	4.56	tp	0
4-TRNSNYA	STREME-4	1.4e-001	AAS82085	4.56	tp	0
4-TRNSNYA	STREME-4	1.4e-001	AAS82072	4.56	fp	0
4-TRNSNYA	STREME-4	1.4e-001	AAS82073	4.55	tp	0
4-TRNSNYA	STREME-4	1.4e-001	AAS81144	4.55	fp	0
4-TRNSNYA	STREME-4	1.4e-001	AAS80941	4.55	fp	1
4-TRNSNYA	STREME-4	1.4e-001	AAS81209	4.55	fp	0
4-TRNSNYA	STREME-4	1.4e-001	AAS82136	4.55	fp	0
4-TRNSNYA	STREME-4	1.4e-001	AAS81287	4.55	fp	0
4-TRNSNYA	STREME-4	1.4e-001	AAS81840	4.55	fp	0
4-TRNSNYA	STREME-4	1.4e-001	AAS80590	4.55	fp	0
4-TRNSNYA	STREME-4	1.4e-001	AAS80412	4.55	fp	0
4-TRNSNYA	STREME-4	1.4e-001	AAS81780	4.55	fp	1
4-TRNSNYA	STREME-4	1.4e-001	AAS81449	4.55	fp	1
4-TRNSNYA	STREME-4	1.4e-001	AAS82078	4.50	tp	0
4-TRNSNYA	STREME-4	1.4e-001	AAS81583	4.50	fp	0
4-TRNSNYA	STREME-4	1.4e-001	AAS82218	4.50	fp	0
4-TRNSNYA	STREME-4	1.4e-001	AAS80832	4.49	fp	0
4-TRNSNYA	STREME-4	1.4e-001	AAS81124	4.49	fp	0
4-TRNSNYA	STREME-4	1.4e-001	AAS82000	4.48	tp	0
4-TRNSNYA	STREME-4	1.4e-001	AAS81536	4.47	fp	0
4-TRNSNYA	STREME-4	1.4e-001	AAS82119	4.44	tp	0
4-TRNSNYA	STREME-4	1.4e-001	AAS80708	4.44	fp	0
4-TRNSNYA	STREME-4	1.4e-001	AAS81138	4.44	fp	0
4-TRNSNYA	STREME-4	1.4e-001	AAS80862	4.44	fp	0
4-TRNSNYA	STREME-4	1.4e-001	AAS82211	4.44	tp	1
4-TRNSNYA	STREME-4	1.4e-001	AAS80632	4.41	fp	0
4-TRNSNYA	STREME-4	1.4e-001	AAS82314	4.37	fp	0
4-TRNSNYA	STREME-4	1.4e-001	AAS80871	4.37	fp	0
4-TRNSNYA	STREME-4	1.4e-001	AAS80513	4.37	fp	0
4-TRNSNYA	STREME-4	1.4e-001	AAS80677	4.37	fp	0
4-TRNSNYA	STREME-4	1.4e-001	AAS81791	4.35	fp	0
4-TRNSNYA	STREME-4	1.4e-001	AAS81968	4.34	tp	0
4-TRNSNYA	STREME-4	1.4e-001	AAS80984	4.31	fp	0
4-TRNSNYA	STREME-4	1.4e-001	AAS81567	4.30	tp	0
4-TRNSNYA	STREME-4	1.4e-001	AAS81665	4.30	tp	0
4-TRNSNYA	STREME-4	1.4e-001	AAS81302	4.30	fp	0
4-TRNSNYA	STREME-4	1.4e-001	AAS80662	4.30	fp	0
4-TRNSNYA	STREME-4	1.4e-001	AAS80671	4.30	fp	0
4-TRNSNYA	STREME-4	1.4e-001	AAS81919	4.30	fp	0
4-TRNSNYA	STREME-4	1.4e-001	AAS82062	4.30	fp	0
4-TRNSNYA	STREME-4	1.4e-001	AAS80426	4.30	fp	0
4-TRNSNYA	STREME-4	1.4e-001	AAS81151	4.30	fp	0
4-TRNSNYA	STREME-4	1.4e-001	AAS81349	4.30	fp	0
4-TRNSNYA	STREME-4	1.4e-001	AAS81131	4.30	fp	0
4-TRNSNYA	STREME-4	1.4e-001	AAS80867	4.30	fp	0
4-TRNSNYA	STREME-4	1.4e-001	AAS81754	4.29	fp	0
4-TRNSNYA	STREME-4	1.4e-001	AAS81793	4.29	tp	0
4-TRNSNYA	STREME-4	1.4e-001	AAS81620	4.29	fp	0
4-TRNSNYA	STREME-4	1.4e-001	AAS81630	4.29	tp	0
4-TRNSNYA	STREME-4	1.4e-001	AAS81079	4.27	fp	0
4-TRNSNYA	STREME-4	1.4e-001	AAS82052	4.27	fp	0
4-TRNSNYA	STREME-4	1.4e-001	AAS81582	4.24	tp	0
4-TRNSNYA	STREME-4	1.4e-001	AAS81463	4.21	tp	0
4-TRNSNYA	STREME-4	1.4e-001	AAS81548	4.21	tp	0
4-TRNSNYA	STREME-4	1.4e-001	AAS81679	4.21	tp	0
4-TRNSNYA	STREME-4	1.4e-001	AAS80424	4.21	tp	0
4-TRNSNYA	STREME-4	1.4e-001	AAS81188	4.21	fp	0
4-TRNSNYA	STREME-4	1.4e-001	AAS81330	4.21	fp	0
4-TRNSNYA	STREME-4	1.4e-001	AAS80861	4.21	fp	0
4-TRNSNYA	STREME-4	1.4e-001	AAS80889	4.21	tp	0
4-TRNSNYA	STREME-4	1.4e-001	AAS80603	4.21	fp	0
4-TRNSNYA	STREME-4	1.4e-001	AAS81434	4.21	tp	0
4-TRNSNYA	STREME-4	1.4e-001	AAS81249	4.21	tp	0
4-TRNSNYA	STREME-4	1.4e-001	AAS81300	4.16	fp	0
4-TRNSNYA	STREME-4	1.4e-001	AAS80366	4.16	tp	0
4-TRNSNYA	STREME-4	1.4e-001	AAS80833	4.16	fp	0
4-TRNSNYA	STREME-4	1.4e-001	AAS81197	4.15	fp	0
4-TRNSNYA	STREME-4	1.4e-001	AAS81338	4.13	fp	0
4-TRNSNYA	STREME-4	1.4e-001	AAS81561	4.12	fp	0
4-TRNSNYA	STREME-4	1.4e-001	AAS81169	4.12	fp	0
4-TRNSNYA	STREME-4	1.4e-001	AAS80734	4.12	fp	0
4-TRNSNYA	STREME-4	1.4e-001	AAS81671	4.10	tp	0
4-TRNSNYA	STREME-4	1.4e-001	AAS82170	4.10	fp	0
4-TRNSNYA	STREME-4	1.4e-001	AAS81581	4.10	tp	1
4-TRNSNYA	STREME-4	1.4e-001	AAS81435	4.10	tp	0
4-TRNSNYA	STREME-4	1.4e-001	AAS80879	4.10	fp	0
4-TRNSNYA	STREME-4	1.4e-001	AAS81499	4.10	fp	0
4-TRNSNYA	STREME-4	1.4e-001	AAS81808	4.10	fp	0
4-TRNSNYA	STREME-4	1.4e-001	AAS82298	4.10	fp	0
4-TRNSNYA	STREME-4	1.4e-001	AAS81639	4.10	fp	0
4-TRNSNYA	STREME-4	1.4e-001	AAS81929	4.10	fp	0
4-TRNSNYA	STREME-4	1.4e-001	AAS81145	4.10	fp	1
4-TRNSNYA	STREME-4	1.4e-001	AAS81356	4.09	tp	0
4-TRNSNYA	STREME-4	1.4e-001	AAS82084	4.07	tp	0
4-TRNSNYA	STREME-4	1.4e-001	AAS81255	4.07	tp	0
4-TRNSNYA	STREME-4	1.4e-001	AAS81254	4.07	tp	0
4-TRNSNYA	STREME-4	1.4e-001	AAS82295	4.07	fp	0
4-TRNSNYA	STREME-4	1.4e-001	AAS81444	4.07	fp	0
4-TRNSNYA	STREME-4	1.4e-001	AAS81368	4.06	fp	0
4-TRNSNYA	STREME-4	1.4e-001	AAS82024	4.06	fp	0
4-TRNSNYA	STREME-4	1.4e-001	AAS81136	4.05	tp	0
4-TRNSNYA	STREME-4	1.4e-001	AAS80505	4.05	fp	0
4-TRNSNYA	STREME-4	1.4e-001	AAS82233	4.05	fp	0
4-TRNSNYA	STREME-4	1.4e-001	AAS82105	4.05	fp	0
4-TRNSNYA	STREME-4	1.4e-001	AAS80651	4.05	fp	0
4-TRNSNYA	STREME-4	1.4e-001	AAS81527	4.03	fp	0
4-TRNSNYA	STREME-4	1.4e-001	AAS81228	4.03	fp	0
4-TRNSNYA	STREME-4	1.4e-001	AAS80760	4.03	fp	0
4-TRNSNYA	STREME-4	1.4e-001	AAS80826	4.03	fp	0
4-TRNSNYA	STREME-4	1.4e-001	AAS82313	4.03	fp	0
4-TRNSNYA	STREME-4	1.4e-001	AAS80692	4.03	fp	0
4-TRNSNYA	STREME-4	1.4e-001	AAS80896	4.03	fp	0
4-TRNSNYA	STREME-4	1.4e-001	AAS80979	4.03	fp	0
4-TRNSNYA	STREME-4	1.4e-001	AAS82328	4.03	fp	0
4-TRNSNYA	STREME-4	1.4e-001	AAS81967	4.02	fp	0
4-TRNSNYA	STREME-4	1.4e-001	AAS82187	4.01	fp	0
4-TRNSNYA	STREME-4	1.4e-001	AAS80467	4.01	tp	1
4-TRNSNYA	STREME-4	1.4e-001	AAS82142	4.00	fp	0
4-TRNSNYA	STREME-4	1.4e-001	AAS80852	3.99	fp	0
4-TRNSNYA	STREME-4	1.4e-001	AAS81178	3.98	tp	0
4-TRNSNYA	STREME-4	1.4e-001	AAS81672	3.98	fp	0
4-TRNSNYA	STREME-4	1.4e-001	AAS81099	3.98	tp	0
4-TRNSNYA	STREME-4	1.4e-001	AAS81944	3.98	tp	0
4-TRNSNYA	STREME-4	1.4e-001	AAS81831	3.98	fp	0
4-TRNSNYA	STREME-4	1.4e-001	AAS81381	3.98	fp	0
4-TRNSNYA	STREME-4	1.4e-001	AAS81050	3.96	fp	0
4-TRNSNYA	STREME-4	1.4e-001	AAS80746	3.96	tp	0
4-TRNSNYA	STREME-4	1.4e-001	AAS81916	3.92	fp	0
4-TRNSNYA	STREME-4	1.4e-001	AAS81868	3.92	fp	1
4-TRNSNYA	STREME-4	1.4e-001	AAS82151	3.91	tp	0
4-TRNSNYA	STREME-4	1.4e-001	AAS81937	3.91	fp	0
4-TRNSNYA	STREME-4	1.4e-001	AAS80576	3.91	fp	0
4-TRNSNYA	STREME-4	1.4e-001	AAS80827	3.91	fp	0
4-TRNSNYA	STREME-4	1.4e-001	AAS81089	3.91	fp	0
4-TRNSNYA	STREME-4	1.4e-001	AAS80685	3.91	fp	0
4-TRNSNYA	STREME-4	1.4e-001	AAS81084	3.91	fp	0
4-TRNSNYA	STREME-4	1.4e-001	AAS80564	3.91	fp	0
4-TRNSNYA	STREME-4	1.4e-001	AAS80551	3.91	fp	1
4-TRNSNYA	STREME-4	1.4e-001	AAS81930	3.90	fp	0
4-TRNSNYA	STREME-4	1.4e-001	AAS80966	3.87	fp	0
4-TRNSNYA	STREME-4	1.4e-001	AAS81510	3.81	fp	0
4-TRNSNYA	STREME-4	1.4e-001	AAS81744	3.78	fp	1
4-TRNSNYA	STREME-4	1.4e-001	AAS82134	3.77	fp	0
4-TRNSNYA	STREME-4	1.4e-001	AAS82118	3.76	tp	0
4-TRNSNYA	STREME-4	1.4e-001	AAS82312	3.74	tp	0
4-TRNSNYA	STREME-4	1.4e-001	AAS80531	3.74	tp	0
4-TRNSNYA	STREME-4	1.4e-001	AAS80357	3.74	fp	0
4-TRNSNYA	STREME-4	1.4e-001	AAS80843	3.74	fp	0
4-TRNSNYA	STREME-4	1.4e-001	AAS81904	3.74	fp	1
4-TRNSNYA	STREME-4	1.4e-001	AAS81487	3.68	fp	0
4-TRNSNYA	STREME-4	1.4e-001	AAS81139	3.67	tp	0
4-TRNSNYA	STREME-4	1.4e-001	AAS81800	3.67	tp	0
4-TRNSNYA	STREME-4	1.4e-001	AAS82104	3.67	fp	0
4-TRNSNYA	STREME-4	1.4e-001	AAS81905	3.67	fp	0
4-TRNSNYA	STREME-4	1.4e-001	AAS82190	3.67	fp	0
4-TRNSNYA	STREME-4	1.4e-001	AAS81491	3.67	fp	0
4-TRNSNYA	STREME-4	1.4e-001	AAS82047	3.66	tp	0
4-TRNSNYA	STREME-4	1.4e-001	AAS81896	3.66	fp	0
4-TRNSNYA	STREME-4	1.4e-001	AAS80874	3.66	fp	0
4-TRNSNYA	STREME-4	1.4e-001	AAS80414	3.66	fp	0
4-TRNSNYA	STREME-4	1.4e-001	AAS80822	3.66	fp	1
4-TRNSNYA	STREME-4	1.4e-001	AAS81198	3.60	fp	0
4-TRNSNYA	STREME-4	1.4e-001	AAS80365	3.58	fp	0
4-TRNSNYA	STREME-4	1.4e-001	AAS81272	3.57	fp	0
4-TRNSNYA	STREME-4	1.4e-001	AAS80927	3.56	fp	1
4-TRNSNYA	STREME-4	1.4e-001	AAS80654	3.52	fp	0
4-TRNSNYA	STREME-4	1.4e-001	AAS80382	3.52	fp	0
4-TRNSNYA	STREME-4	1.4e-001	AAS80636	3.48	fp	1
4-TRNSNYA	STREME-4	1.4e-001	AAS80924	3.48	fp	1
4-TRNSNYA	STREME-4	1.4e-001	AAS80652	3.46	fp	0
4-TRNSNYA	STREME-4	1.4e-001	AAS81512	3.46	fp	0
4-TRNSNYA	STREME-4	1.4e-001	AAS81550	3.46	tp	1
4-TRNSNYA	STREME-4	1.4e-001	AAS81871	3.44	fp	0
4-TRNSNYA	STREME-4	1.4e-001	AAS80458	3.44	fp	0
4-TRNSNYA	STREME-4	1.4e-001	AAS81379	3.44	fp	0
4-TRNSNYA	STREME-4	1.4e-001	AAS81369	3.42	fp	0
4-TRNSNYA	STREME-4	1.4e-001	AAS81111	3.42	fp	0
4-TRNSNYA	STREME-4	1.4e-001	AAS81659	3.41	tp	0
4-TRNSNYA	STREME-4	1.4e-001	AAS80686	3.41	fp	0
4-TRNSNYA	STREME-4	1.4e-001	AAS82065	3.41	fp	0
4-TRNSNYA	STREME-4	1.4e-001	AAS81666	3.39	tp	0
4-TRNSNYA	STREME-4	1.4e-001	AAS81286	3.39	fp	0
4-TRNSNYA	STREME-4	1.4e-001	AAS82293	3.39	fp	0
4-TRNSNYA	STREME-4	1.4e-001	AAS80690	3.39	fp	0
4-TRNSNYA	STREME-4	1.4e-001	AAS80461	3.39	fp	1
4-TRNSNYA	STREME-4	1.4e-001	AAS81205	3.38	tp	0
4-TRNSNYA	STREME-4	1.4e-001	AAS81825	3.38	fp	0
4-TRNSNYA	STREME-4	1.4e-001	AAS81229	3.38	fp	0
4-TRNSNYA	STREME-4	1.4e-001	AAS81016	3.37	fp	0
4-TRNSNYA	STREME-4	1.4e-001	AAS80923	3.36	fp	0
4-TRNSNYA	STREME-4	1.4e-001	AAS80838	3.33	fp	0
4-TRNSNYA	STREME-4	1.4e-001	AAS81088	3.33	fp	0
4-TRNSNYA	STREME-4	1.4e-001	AAS82214	3.33	tp	0
4-TRNSNYA	STREME-4	1.4e-001	AAS81624	3.33	fp	0
4-TRNSNYA	STREME-4	1.4e-001	AAS81081	3.32	tp	0
4-TRNSNYA	STREME-4	1.4e-001	AAS80717	3.32	fp	0
4-TRNSNYA	STREME-4	1.4e-001	AAS82143	3.32	fp	0
4-TRNSNYA	STREME-4	1.4e-001	AAS81006	3.31	fp	1
4-TRNSNYA	STREME-4	1.4e-001	AAS81674	3.29	tp	0
4-TRNSNYA	STREME-4	1.4e-001	AAS80993	3.28	fp	0
4-TRNSNYA	STREME-4	1.4e-001	AAS81629	3.28	fp	0
4-TRNSNYA	STREME-4	1.4e-001	AAS80764	3.26	fp	0
4-TRNSNYA	STREME-4	1.4e-001	AAS80384	3.26	fp	0
4-TRNSNYA	STREME-4	1.4e-001	AAS81336	3.25	fp	0
4-TRNSNYA	STREME-4	1.4e-001	AAS80405	3.25	fp	0
4-TRNSNYA	STREME-4	1.4e-001	AAS82100	3.24	fp	0
4-TRNSNYA	STREME-4	1.4e-001	AAS82101	3.24	fp	1
4-TRNSNYA	STREME-4	1.4e-001	AAS80762	3.24	fp	0
4-TRNSNYA	STREME-4	1.4e-001	AAS82009	3.23	tp	0
4-TRNSNYA	STREME-4	1.4e-001	AAS82083	3.23	tp	0
4-TRNSNYA	STREME-4	1.4e-001	AAS81912	3.23	tp	0
4-TRNSNYA	STREME-4	1.4e-001	AAS81584	3.23	fp	0
4-TRNSNYA	STREME-4	1.4e-001	AAS80352	3.23	fp	0
4-TRNSNYA	STREME-4	1.4e-001	AAS81237	3.23	fp	0
4-TRNSNYA	STREME-4	1.4e-001	AAS81748	3.23	fp	0
4-TRNSNYA	STREME-4	1.4e-001	AAS81819	3.23	fp	0
4-TRNSNYA	STREME-4	1.4e-001	AAS80890	3.22	fp	0
4-TRNSNYA	STREME-4	1.4e-001	AAS81911	3.22	tp	0
4-TRNSNYA	STREME-4	1.4e-001	AAS81047	3.22	fp	0
4-TRNSNYA	STREME-4	1.4e-001	AAS81398	3.22	fp	0
4-TRNSNYA	STREME-4	1.4e-001	AAS82283	3.22	fp	1
4-TRNSNYA	STREME-4	1.4e-001	AAS81507	3.22	fp	0
4-TRNSNYA	STREME-4	1.4e-001	AAS80727	3.22	fp	0
4-TRNSNYA	STREME-4	1.4e-001	AAS81817	3.22	fp	0
4-TRNSNYA	STREME-4	1.4e-001	AAS81692	3.22	fp	0
4-TRNSNYA	STREME-4	1.4e-001	AAS81472	3.20	fp	0
4-TRNSNYA	STREME-4	1.4e-001	AAS81628	3.19	fp	0
4-TRNSNYA	STREME-4	1.4e-001	AAS80420	3.18	fp	0
4-TRNSNYA	STREME-4	1.4e-001	AAS81246	3.18	fp	0
4-TRNSNYA	STREME-4	1.4e-001	AAS82210	3.17	tp	0
4-TRNSNYA	STREME-4	1.4e-001	AAS81678	3.15	tp	0
4-TRNSNYA	STREME-4	1.4e-001	AAS82228	3.15	fp	0
4-TRNSNYA	STREME-4	1.4e-001	AAS81575	3.14	fp	0
4-TRNSNYA	STREME-4	1.4e-001	AAS82018	3.13	fp	0
4-TRNSNYA	STREME-4	1.4e-001	AAS81891	3.12	tp	0
4-TRNSNYA	STREME-4	1.4e-001	AAS82167	3.12	fp	0
4-TRNSNYA	STREME-4	1.4e-001	AAS80934	3.11	fp	0
4-TRNSNYA	STREME-4	1.4e-001	AAS81641	3.11	tp	0
4-TRNSNYA	STREME-4	1.4e-001	AAS80729	3.11	fp	0
4-TRNSNYA	STREME-4	1.4e-001	AAS81774	3.11	fp	0
4-TRNSNYA	STREME-4	1.4e-001	AAS81390	3.11	fp	0
4-TRNSNYA	STREME-4	1.4e-001	AAS80834	3.11	fp	0
4-TRNSNYA	STREME-4	1.4e-001	AAS81346	3.11	fp	0
4-TRNSNYA	STREME-4	1.4e-001	AAS80536	3.11	fp	1
4-TRNSNYA	STREME-4	1.4e-001	AAS80710	3.08	fp	0
4-TRNSNYA	STREME-4	1.4e-001	AAS80793	3.08	fp	0
4-TRNSNYA	STREME-4	1.4e-001	AAS80377	3.08	fp	0
4-TRNSNYA	STREME-4	1.4e-001	AAS80440	3.08	fp	0
4-TRNSNYA	STREME-4	1.4e-001	AAS80873	3.07	fp	0
4-TRNSNYA	STREME-4	1.4e-001	AAS82288	3.07	tp	0
4-TRNSNYA	STREME-4	1.4e-001	AAS82053	3.07	fp	0
4-TRNSNYA	STREME-4	1.4e-001	AAS80496	3.07	fp	0
4-TRNSNYA	STREME-4	1.4e-001	AAS81972	3.06	fp	0
4-TRNSNYA	STREME-4	1.4e-001	AAS82315	3.06	fp	0
4-TRNSNYA	STREME-4	1.4e-001	AAS80524	3.05	tp	0
4-TRNSNYA	STREME-4	1.4e-001	AAS81113	3.05	tp	0
4-TRNSNYA	STREME-4	1.4e-001	AAS80891	3.02	fp	0
4-TRNSNYA	STREME-4	1.4e-001	AAS81085	3.02	fp	0
4-TRNSNYA	STREME-4	1.4e-001	AAS81647	2.98	tp	0
4-TRNSNYA	STREME-4	1.4e-001	AAS80964	2.97	fp	0
4-TRNSNYA	STREME-4	1.4e-001	AAS80585	2.97	fp	0
4-TRNSNYA	STREME-4	1.4e-001	AAS81408	2.97	tp	1
4-TRNSNYA	STREME-4	1.4e-001	AAS81844	2.94	fp	0
4-TRNSNYA	STREME-4	1.4e-001	AAS80404	2.94	fp	0
4-TRNSNYA	STREME-4	1.4e-001	AAS80577	2.94	fp	0
4-TRNSNYA	STREME-4	1.4e-001	AAS81442	2.93	tp	0
4-TRNSNYA	STREME-4	1.4e-001	AAS81798	2.93	fp	0
4-TRNSNYA	STREME-4	1.4e-001	AAS80987	2.93	fp	0
4-TRNSNYA	STREME-4	1.4e-001	AAS81002	2.93	fp	0
4-TRNSNYA	STREME-4	1.4e-001	AAS82086	2.93	fp	0
4-TRNSNYA	STREME-4	1.4e-001	AAS81013	2.93	fp	1
4-TRNSNYA	STREME-4	1.4e-001	AAS81314	2.92	fp	0
4-TRNSNYA	STREME-4	1.4e-001	AAS81702	2.92	fp	0
4-TRNSNYA	STREME-4	1.4e-001	AAS80928	2.92	tp	0
4-TRNSNYA	STREME-4	1.4e-001	AAS81873	2.92	fp	0
4-TRNSNYA	STREME-4	1.4e-001	AAS81740	2.90	fp	0
4-TRNSNYA	STREME-4	1.4e-001	AAS82099	2.90	tp	0
4-TRNSNYA	STREME-4	1.4e-001	AAS80526	2.89	fp	0
4-TRNSNYA	STREME-4	1.4e-001	AAS81132	2.87	tp	0
4-TRNSNYA	STREME-4	1.4e-001	AAS81657	2.87	tp	0
4-TRNSNYA	STREME-4	1.4e-001	AAS82074	2.87	tp	0
4-TRNSNYA	STREME-4	1.4e-001	AAS81299	2.87	fp	0
4-TRNSNYA	STREME-4	1.4e-001	AAS81129	2.87	fp	0
4-TRNSNYA	STREME-4	1.4e-001	AAS81098	2.87	fp	0
4-TRNSNYA	STREME-4	1.4e-001	AAS81008	2.87	fp	0
4-TRNSNYA	STREME-4	1.4e-001	AAS80406	2.87	fp	0
4-TRNSNYA	STREME-4	1.4e-001	AAS81360	2.87	fp	0
4-TRNSNYA	STREME-4	1.4e-001	AAS81888	2.84	fp	0
4-TRNSNYA	STREME-4	1.4e-001	AAS80751	2.84	fp	0
4-TRNSNYA	STREME-4	1.4e-001	AAS81057	2.84	tp	1
4-TRNSNYA	STREME-4	1.4e-001	AAS80707	2.84	fp	1
4-TRNSNYA	STREME-4	1.4e-001	AAS82094	2.82	tp	0
4-TRNSNYA	STREME-4	1.4e-001	AAS82031	2.82	tp	0
4-TRNSNYA	STREME-4	1.4e-001	AAS81056	2.82	tp	0
4-TRNSNYA	STREME-4	1.4e-001	AAS81494	2.82	tp	0
4-TRNSNYA	STREME-4	1.4e-001	AAS80675	2.82	fp	0
4-TRNSNYA	STREME-4	1.4e-001	AAS81503	2.82	fp	0
4-TRNSNYA	STREME-4	1.4e-001	AAS81387	2.82	fp	0
4-TRNSNYA	STREME-4	1.4e-001	AAS82304	2.82	fp	0
4-TRNSNYA	STREME-4	1.4e-001	AAS80892	2.82	fp	0
4-TRNSNYA	STREME-4	1.4e-001	AAS81404	2.82	fp	0
4-TRNSNYA	STREME-4	1.4e-001	AAS81769	2.82	fp	0
4-TRNSNYA	STREME-4	1.4e-001	AAS81836	2.82	fp	0
4-TRNSNYA	STREME-4	1.4e-001	AAS80702	2.82	fp	0
4-TRNSNYA	STREME-4	1.4e-001	AAS81504	2.82	fp	0
4-TRNSNYA	STREME-4	1.4e-001	AAS81732	2.82	fp	0
4-TRNSNYA	STREME-4	1.4e-001	AAS82279	2.82	fp	0
4-TRNSNYA	STREME-4	1.4e-001	AAS80591	2.82	fp	0
4-TRNSNYA	STREME-4	1.4e-001	AAS80681	2.82	fp	1
4-TRNSNYA	STREME-4	1.4e-001	AAS80780	2.82	fp	1
4-TRNSNYA	STREME-4	1.4e-001	AAS81448	2.82	fp	0
4-TRNSNYA	STREME-4	1.4e-001	AAS81055	2.82	fp	0
4-TRNSNYA	STREME-4	1.4e-001	AAS80959	2.82	fp	0
4-TRNSNYA	STREME-4	1.4e-001	AAS80818	2.82	fp	0
4-TRNSNYA	STREME-4	1.4e-001	AAS82081	2.82	tp	0
4-TRNSNYA	STREME-4	1.4e-001	AAS81054	2.82	fp	0
4-TRNSNYA	STREME-4	1.4e-001	AAS81971	2.82	fp	0
4-TRNSNYA	STREME-4	1.4e-001	AAS81181	2.81	fp	0
4-TRNSNYA	STREME-4	1.4e-001	AAS81179	2.75	fp	0
4-TRNSNYA	STREME-4	1.4e-001	AAS82123	2.74	fp	0
4-TRNSNYA	STREME-4	1.4e-001	AAS81012	2.74	fp	0
4-TRNSNYA	STREME-4	1.4e-001	AAS80568	2.74	fp	0
4-TRNSNYA	STREME-4	1.4e-001	AAS81227	2.72	fp	0
4-TRNSNYA	STREME-4	1.4e-001	AAS81252	2.68	tp	0
4-TRNSNYA	STREME-4	1.4e-001	AAS81291	2.68	fp	0
4-TRNSNYA	STREME-4	1.4e-001	AAS81747	2.67	fp	0
4-TRNSNYA	STREME-4	1.4e-001	AAS82287	2.67	tp	0
4-TRNSNYA	STREME-4	1.4e-001	AAS82286	2.67	fp	0
4-TRNSNYA	STREME-4	1.4e-001	AAS81026	2.67	fp	1
4-TRNSNYA	STREME-4	1.4e-001	AAS80533	2.66	tp	0
4-TRNSNYA	STREME-4	1.4e-001	AAS81569	2.65	fp	0
4-TRNSNYA	STREME-4	1.4e-001	AAS80560	2.65	fp	0
4-TRNSNYA	STREME-4	1.4e-001	AAS81933	2.65	fp	0
4-TRNSNYA	STREME-4	1.4e-001	AAS80679	2.64	fp	0
4-TRNSNYA	STREME-4	1.4e-001	AAS80899	2.63	tp	0
4-TRNSNYA	STREME-4	1.4e-001	AAS80926	2.63	fp	0
4-TRNSNYA	STREME-4	1.4e-001	AAS81010	2.63	fp	0
4-TRNSNYA	STREME-4	1.4e-001	AAS81446	2.63	fp	0
4-TRNSNYA	STREME-4	1.4e-001	AAS81445	2.63	fp	0
4-TRNSNYA	STREME-4	1.4e-001	AAS80561	2.63	fp	0
4-TRNSNYA	STREME-4	1.4e-001	AAS81865	2.63	fp	1
4-TRNSNYA	STREME-4	1.4e-001	AAS80975	2.61	fp	0
4-TRNSNYA	STREME-4	1.4e-001	AAS82239	2.61	fp	0
4-TRNSNYA	STREME-4	1.4e-001	AAS80638	2.61	fp	0
4-TRNSNYA	STREME-4	1.4e-001	AAS80644	2.60	fp	0
4-TRNSNYA	STREME-4	1.4e-001	AAS81867	2.60	tp	0
4-TRNSNYA	STREME-4	1.4e-001	AAS81160	2.60	fp	0
4-TRNSNYA	STREME-4	1.4e-001	AAS80974	2.59	fp	0
4-TRNSNYA	STREME-4	1.4e-001	AAS81149	2.59	fp	0
4-TRNSNYA	STREME-4	1.4e-001	AAS81301	2.56	fp	0
4-TRNSNYA	STREME-4	1.4e-001	AAS81343	2.56	fp	0
4-TRNSNYA	STREME-4	1.4e-001	AAS81531	2.55	tp	0
4-TRNSNYA	STREME-4	1.4e-001	AAS81184	2.55	fp	0
4-TRNSNYA	STREME-4	1.4e-001	AAS82027	2.55	fp	0
4-TRNSNYA	STREME-4	1.4e-001	AAS80942	2.52	fp	0
4-TRNSNYA	STREME-4	1.4e-001	AAS82306	2.48	tp	0
4-TRNSNYA	STREME-4	1.4e-001	AAS81642	2.48	tp	0
4-TRNSNYA	STREME-4	1.4e-001	AAS81239	2.48	fp	0
4-TRNSNYA	STREME-4	1.4e-001	AAS80967	2.48	fp	1
4-TRNSNYA	STREME-4	1.4e-001	AAS80986	2.47	fp	0
4-TRNSNYA	STREME-4	1.4e-001	AAS81924	2.46	fp	0
4-TRNSNYA	STREME-4	1.4e-001	AAS80421	2.46	fp	0
4-TRNSNYA	STREME-4	1.4e-001	AAS80725	2.46	fp	0
4-TRNSNYA	STREME-4	1.4e-001	AAS81789	2.46	fp	1
4-TRNSNYA	STREME-4	1.4e-001	AAS81558	2.44	fp	0
4-TRNSNYA	STREME-4	1.4e-001	AAS80370	2.43	tp	0
4-TRNSNYA	STREME-4	1.4e-001	AAS80743	2.41	tp	0
4-TRNSNYA	STREME-4	1.4e-001	AAS80786	2.41	fp	0
4-TRNSNYA	STREME-4	1.4e-001	AAS80665	2.41	fp	0
4-TRNSNYA	STREME-4	1.4e-001	AAS82045	2.41	fp	0
4-TRNSNYA	STREME-4	1.4e-001	AAS81745	2.41	fp	0
4-TRNSNYA	STREME-4	1.4e-001	AAS81542	2.41	fp	0
4-TRNSNYA	STREME-4	1.4e-001	AAS82322	2.41	fp	0
4-TRNSNYA	STREME-4	1.4e-001	AAS80569	2.40	fp	0
4-TRNSNYA	STREME-4	1.4e-001	AAS81760	2.40	tp	0
4-TRNSNYA	STREME-4	1.4e-001	AAS82121	2.39	tp	0
4-TRNSNYA	STREME-4	1.4e-001	AAS81065	2.39	fp	0
4-TRNSNYA	STREME-4	1.4e-001	AAS80997	2.39	fp	0
4-TRNSNYA	STREME-4	1.4e-001	AAS80910	2.39	fp	0
4-TRNSNYA	STREME-4	1.4e-001	AAS82182	2.39	fp	0
4-TRNSNYA	STREME-4	1.4e-001	AAS81298	2.38	fp	0
4-TRNSNYA	STREME-4	1.4e-001	AAS80696	2.34	tp	0
4-TRNSNYA	STREME-4	1.4e-001	AAS81993	2.34	tp	0
4-TRNSNYA	STREME-4	1.4e-001	AAS81551	2.34	fp	0
4-TRNSNYA	STREME-4	1.4e-001	AAS81864	2.34	fp	0
4-TRNSNYA	STREME-4	1.4e-001	AAS81572	2.34	fp	0
4-TRNSNYA	STREME-4	1.4e-001	AAS82117	2.34	fp	0
4-TRNSNYA	STREME-4	1.4e-001	AAS80584	2.34	fp	0
4-TRNSNYA	STREME-4	1.4e-001	AAS81461	2.34	tp	0
4-TRNSNYA	STREME-4	1.4e-001	AAS80432	2.31	fp	0
4-TRNSNYA	STREME-4	1.4e-001	AAS81729	2.31	fp	0
4-TRNSNYA	STREME-4	1.4e-001	AAS82146	2.31	fp	1
4-TRNSNYA	STREME-4	1.4e-001	AAS80721	2.30	fp	0
4-TRNSNYA	STREME-4	1.4e-001	AAS80674	2.30	fp	0
4-TRNSNYA	STREME-4	1.4e-001	AAS80362	2.30	fp	0
4-TRNSNYA	STREME-4	1.4e-001	AAS81270	2.29	fp	0
4-TRNSNYA	STREME-4	1.4e-001	AAS81557	2.29	fp	0
4-TRNSNYA	STREME-4	1.4e-001	AAS81247	2.29	fp	0
4-TRNSNYA	STREME-4	1.4e-001	AAS81143	2.29	fp	1
4-TRNSNYA	STREME-4	1.4e-001	AAS81036	2.29	fp	1
4-TRNSNYA	STREME-4	1.4e-001	AAS80836	2.28	fp	0
4-TRNSNYA	STREME-4	1.4e-001	AAS81843	2.27	fp	0
4-TRNSNYA	STREME-4	1.4e-001	AAS81333	2.27	tp	0
4-TRNSNYA	STREME-4	1.4e-001	AAS81822	2.27	fp	0
4-TRNSNYA	STREME-4	1.4e-001	AAS82128	2.27	fp	0
4-TRNSNYA	STREME-4	1.4e-001	AAS81677	2.27	fp	0
4-TRNSNYA	STREME-4	1.4e-001	AAS80992	2.27	fp	0
4-TRNSNYA	STREME-4	1.4e-001	AAS80866	2.27	fp	0
4-TRNSNYA	STREME-4	1.4e-001	AAS81606	2.25	fp	0
4-TRNSNYA	STREME-4	1.4e-001	AAS80968	2.24	fp	0
4-TRNSNYA	STREME-4	1.4e-001	AAS81878	2.24	fp	0
4-TRNSNYA	STREME-4	1.4e-001	AAS81176	2.24	tp	0
4-TRNSNYA	STREME-4	1.4e-001	AAS81662	2.24	tp	0
4-TRNSNYA	STREME-4	1.4e-001	AAS81315	2.24	fp	0
4-TRNSNYA	STREME-4	1.4e-001	AAS81217	2.24	tp	1
4-TRNSNYA	STREME-4	1.4e-001	AAS80678	2.24	fp	0
4-TRNSNYA	STREME-4	1.4e-001	AAS81854	2.23	tp	0
4-TRNSNYA	STREME-4	1.4e-001	AAS81813	2.23	fp	0
4-TRNSNYA	STREME-4	1.4e-001	AAS81275	2.23	fp	0
4-TRNSNYA	STREME-4	1.4e-001	AAS82280	2.22	fp	0
4-TRNSNYA	STREME-4	1.4e-001	AAS82153	2.20	tp	0
4-TRNSNYA	STREME-4	1.4e-001	AAS80378	2.20	fp	0
4-TRNSNYA	STREME-4	1.4e-001	AAS81711	2.19	fp	0
4-TRNSNYA	STREME-4	1.4e-001	AAS80976	2.17	fp	0
4-TRNSNYA	STREME-4	1.4e-001	AAS80990	2.17	fp	0
4-TRNSNYA	STREME-4	1.4e-001	AAS80537	2.16	tp	0
4-TRNSNYA	STREME-4	1.4e-001	AAS81505	2.16	fp	1
4-TRNSNYA	STREME-4	1.4e-001	AAS81482	2.16	tp	0
4-TRNSNYA	STREME-4	1.4e-001	AAS80398	2.12	tp	0
4-TRNSNYA	STREME-4	1.4e-001	AAS80931	2.10	fp	0
4-TRNSNYA	STREME-4	1.4e-001	AAS80466	2.09	tp	0
4-TRNSNYA	STREME-4	1.4e-001	AAS81167	2.09	tp	0
4-TRNSNYA	STREME-4	1.4e-001	AAS81910	2.09	tp	0
4-TRNSNYA	STREME-4	1.4e-001	AAS82125	2.09	fp	0
4-TRNSNYA	STREME-4	1.4e-001	AAS81389	2.09	fp	0
4-TRNSNYA	STREME-4	1.4e-001	AAS80528	2.09	fp	1
4-TRNSNYA	STREME-4	1.4e-001	AAS81083	2.06	fp	0
4-TRNSNYA	STREME-4	1.4e-001	AAS80494	2.06	tp	0
4-TRNSNYA	STREME-4	1.4e-001	AAS81060	2.06	tp	0
4-TRNSNYA	STREME-4	1.4e-001	AAS81932	2.06	fp	0
4-TRNSNYA	STREME-4	1.4e-001	AAS80575	2.06	fp	0
4-TRNSNYA	STREME-4	1.4e-001	AAS80795	2.06	fp	0
4-TRNSNYA	STREME-4	1.4e-001	AAS81623	2.06	fp	1
4-TRNSNYA	STREME-4	1.4e-001	AAS81335	2.05	tp	0
4-TRNSNYA	STREME-4	1.4e-001	AAS81045	2.05	fp	0
4-TRNSNYA	STREME-4	1.4e-001	AAS82023	2.05	fp	0
4-TRNSNYA	STREME-4	1.4e-001	AAS81966	2.05	fp	0
4-TRNSNYA	STREME-4	1.4e-001	AAS81490	2.04	tp	0
4-TRNSNYA	STREME-4	1.4e-001	AAS81326	2.04	tp	0
4-TRNSNYA	STREME-4	1.4e-001	AAS81200	2.04	fp	0
4-TRNSNYA	STREME-4	1.4e-001	AAS82008	2.03	tp	0
#
5-CCCGGGGCCCC	STREME-5	1.6e-001	AAS82288	14.19	tp	0
5-CCCGGGGCCCC	STREME-5	1.6e-001	AAS81567	14.19	tp	0
5-CCCGGGGCCCC	STREME-5	1.6e-001	AAS82287	14.04	tp	0
5-CCCGGGGCCCC	STREME-5	1.6e-001	AAS82151	14.04	tp	0
5-CCCGGGGCCCC	STREME-5	1.6e-001	AAS80918	14.04	fp	0
5-CCCGGGGCCCC	STREME-5	1.6e-001	AAS81364	14.03	fp	0
5-CCCGGGGCCCC	STREME-5	1.6e-001	AAS82087	14.03	fp	0
5-CCCGGGGCCCC	STREME-5	1.6e-001	AAS80466	13.31	tp	0
5-CCCGGGGCCCC	STREME-5	1.6e-001	AAS80367	13.31	tp	0
5-CCCGGGGCCCC	STREME-5	1.6e-001	AAS81766	13.05	tp	0
5-CCCGGGGCCCC	STREME-5	1.6e-001	AAS81435	13.03	tp	0
5-CCCGGGGCCCC	STREME-5	1.6e-001	AAS82104	13.03	fp	0
5-CCCGGGGCCCC	STREME-5	1.6e-001	AAS82031	12.46	tp	0
5-CCCGGGGCCCC	STREME-5	1.6e-001	AAS81464	12.33	tp	0
5-CCCGGGGCCCC	STREME-5	1.6e-001	AAS80590	12.31	fp	0
5-CCCGGGGCCCC	STREME-5	1.6e-001	AAS81254	11.92	tp	0
5-CCCGGGGCCCC	STREME-5	1.6e-001	AAS82295	11.76	fp	0
5-CCCGGGGCCCC	STREME-5	1.6e-001	AAS82130	11.76	fp	0
5-CCCGGGGCCCC	STREME-5	1.6e-001	AAS82267	11.75	tp	0
5-CCCGGGGCCCC	STREME-5	1.6e-001	AAS80857	11.74	tp	1
5-CCCGGGGCCCC	STREME-5	1.6e-001	AAS81584	11.06	fp	0
5-CCCGGGGCCCC	STREME-5	1.6e-001	AAS81139	10.90	tp	0
5-CCCGGGGCCCC	STREME-5	1.6e-001	AAS81176	10.84	tp	0
#
6-CTAGGCC	STREME-6	5.9e-001	AAS80743	11.17	tp	0
6-CTAGGCC	STREME-6	5.9e-001	AAS82151	11.17	tp	0
6-CTAGGCC	STREME-6	5.9e-001	AAS82082	11.17	tp	0
6-CTAGGCC	STREME-6	5.9e-001	AAS81420	11.17	tp	0
6-CTAGGCC	STREME-6	5.9e-001	AAS80398	11.17	tp	0
6-CTAGGCC	STREME-6	5.9e-001	AAS81184	11.17	fp	0
6-CTAGGCC	STREME-6	5.9e-001	AAS81835	11.17	fp	0
6-CTAGGCC	STREME-6	5.9e-001	AAS81140	11.17	fp	0
6-CTAGGCC	STREME-6	5.9e-001	AAS80561	11.17	fp	0
6-CTAGGCC	STREME-6	5.9e-001	AAS82129	11.17	fp	0
6-CTAGGCC	STREME-6	5.9e-001	AAS81620	11.17	fp	0
6-CTAGGCC	STREME-6	5.9e-001	AAS81891	10.93	tp	0
6-CTAGGCC	STREME-6	5.9e-001	AAS81442	10.93	tp	0
6-CTAGGCC	STREME-6	5.9e-001	AAS81889	10.93	fp	0
6-CTAGGCC	STREME-6	5.9e-001	AAS80530	10.93	fp	0
6-CTAGGCC	STREME-6	5.9e-001	AAS81909	10.93	tp	1
6-CTAGGCC	STREME-6	5.9e-001	AAS82267	10.55	tp	0
6-CTAGGCC	STREME-6	5.9e-001	AAS80537	10.32	tp	0
6-CTAGGCC	STREME-6	5.9e-001	AAS82097	10.32	tp	0
6-CTAGGCC	STREME-6	5.9e-001	AAS81482	10.32	tp	0
6-CTAGGCC	STREME-6	5.9e-001	AAS80856	10.32	tp	0
6-CTAGGCC	STREME-6	5.9e-001	AAS82142	10.32	fp	0
6-CTAGGCC	STREME-6	5.9e-001	AAS82062	10.32	fp	0
6-CTAGGCC	STREME-6	5.9e-001	AAS80412	10.32	fp	0
6-CTAGGCC	STREME-6	5.9e-001	AAS80918	10.32	fp	0
6-CTAGGCC	STREME-6	5.9e-001	AAS82328	10.32	fp	0
6-CTAGGCC	STREME-6	5.9e-001	AAS80349	10.32	fp	1
6-CTAGGCC	STREME-6	5.9e-001	AAS81765	9.11	tp	0
6-CTAGGCC	STREME-6	5.9e-001	AAS80357	9.11	fp	0
6-CTAGGCC	STREME-6	5.9e-001	AAS81228	9.11	fp	0
6-CTAGGCC	STREME-6	5.9e-001	AAS82279	9.11	fp	0
6-CTAGGCC	STREME-6	5.9e-001	AAS81081	8.99	tp	0
6-CTAGGCC	STREME-6	5.9e-001	AAS81678	8.99	tp	0
6-CTAGGCC	STREME-6	5.9e-001	AAS81605	8.99	fp	0
6-CTAGGCC	STREME-6	5.9e-001	AAS80662	8.99	fp	0
6-CTAGGCC	STREME-6	5.9e-001	AAS80868	8.99	fp	0
6-CTAGGCC	STREME-6	5.9e-001	AAS81785	8.99	fp	0
6-CTAGGCC	STREME-6	5.9e-001	AAS80558	8.99	fp	1
6-CTAGGCC	STREME-6	5.9e-001	AAS81911	8.38	tp	0
6-CTAGGCC	STREME-6	5.9e-001	AAS81676	8.38	fp	0
6-CTAGGCC	STREME-6	5.9e-001	AAS82046	8.28	tp	0
6-CTAGGCC	STREME-6	5.9e-001	AAS81976	8.28	fp	0
6-CTAGGCC	STREME-6	5.9e-001	AAS82137	8.28	fp	0
6-CTAGGCC	STREME-6	5.9e-001	AAS81285	8.00	tp	0
6-CTAGGCC	STREME-6	5.9e-001	AAS81494	7.64	tp	0
6-CTAGGCC	STREME-6	5.9e-001	AAS80490	7.64	fp	0
6-CTAGGCC	STREME-6	5.9e-001	AAS80904	7.64	fp	0
6-CTAGGCC	STREME-6	5.9e-001	AAS81547	5.71	tp	0
6-CTAGGCC	STREME-6	5.9e-001	AAS81115	5.71	tp	0
6-CTAGGCC	STREME-6	5.9e-001	AAS80533	5.71	tp	0
6-CTAGGCC	STREME-6	5.9e-001	AAS81540	5.71	fp	0
6-CTAGGCC	STREME-6	5.9e-001	AAS81440	5.71	fp	0
6-CTAGGCC	STREME-6	5.9e-001	AAS80784	5.71	fp	0
6-CTAGGCC	STREME-6	5.9e-001	AAS80673	5.71	fp	0
6-CTAGGCC	STREME-6	5.9e-001	AAS81816	5.71	fp	0
6-CTAGGCC	STREME-6	5.9e-001	AAS81868	5.71	fp	1
6-CTAGGCC	STREME-6	5.9e-001	AAS81351	5.71	fp	1
