motif_id	motif_alt_id	sequence_name	start	stop	strand	score	p-value	q-value	matched_sequence
2-CKWTAASGHAR	STREME-2	23	167	177	+	10.7468	3.5e-05	0.673	GGTTAAGGCAG
1-TAAGGAGAR	STREME-1	Pnqo	306	314	-	11.241	4.88e-05	0.631	GAAGGAGAA
1-TAAGGAGAR	STREME-1	42	177	185	+	10.3614	0.000105	0.631	TAAGGGGAG
6-CAGGCAA	STREME-6	51	2	8	-	9.5302	0.000107	1	CAGGGAA
3-CTKGTTTD	STREME-3	14	53	60	+	9.48718	0.000128	1	CTGGTTGT
1-TAAGGAGAR	STREME-1	19	52	60	+	10.1687	0.000128	0.631	TAAGGAGTC
1-TAAGGAGAR	STREME-1	3	117	125	-	10.1205	0.000133	0.631	TAAGGAGTT
8-ATGAAAC	STREME-8	18	26	32	-	10.9541	0.000144	0.71	ACGAAAC
8-ATGAAAC	STREME-8	22	59	65	-	10.9541	0.000144	0.71	ACGAAAC
8-ATGAAAC	STREME-8	14	182	188	-	10.9541	0.000144	0.71	ACGAAAC
8-ATGAAAC	STREME-8	Pnqo	401	407	-	10.9541	0.000144	0.71	ACGAAAC
1-TAAGGAGAR	STREME-1	10	11	19	+	9.90361	0.000164	0.631	TAAAGAGAG
3-CTKGTTTD	STREME-3	11	2	9	+	9.39744	0.000168	1	CTTGTTTT
6-CAGGCAA	STREME-6	19	192	198	+	9.02685	0.000172	1	CAGGTAA

# FIMO (Find Individual Motif Occurrences): Version 5.4.1 compiled on Feb 25 2022 at 16:22:55
# The format of this file is described at https://meme-suite.org/meme/doc/fimo-output-format.html.
# fimo --oc motif_fasta/ecoli_high --verbosity 1 --thresh 0.0002 motif_fasta/ecoli_high/streme.txt motif_fasta/ares_allseqs.fa
